Datum;Zeitstempel;Treatment;Entscheidung_1;Entscheidung_2;Codierung;Erinnerter_Preis;Angemessenheit;Wahrnehmungskontrast;Konzession;Reaktanz;Validitaetscheck;Angemessenheit_invertiert;Boomerang_Variable;Manipulationscheck_Preis;Manipulationscheck_Validitaet
19.06.2026; 15:03:46;10000;Ablehnung;Ablehnung;0;10000;1;1;1;1;1;5;3;Ja;Nein
19.06.2026; 15:06:43;6000;Ablehnung;Annahme;1;6000;1;5;2;1;3;5;3;Ja;Ja
19.06.2026; 15:09:45;10000;Ablehnung;Ablehnung;0;10000;1;4;3;4;5;5;4,5;Ja;Ja
19.06.2026; 15:09:58;849;Annahme;Nicht benötigt (Direkte Annahme);1;850;4;4;2;1;3;2;1,5;Ja;Ja
19.06.2026; 15:13:06;1500;Ablehnung;Ablehnung;0;1500;2;3;4;2;4;4;3;Ja;Ja
19.06.2026; 15:14:23;8000;Ablehnung;Ablehnung;0;8000;1;4;5;5;3;5;5;Ja;Ja
19.06.2026; 15:18:38;10000;Ablehnung;Annahme;1;10000;1;3;2;2;5;5;3,5;Ja;Ja
19.06.2026; 15:18:55;4000;Ablehnung;Ablehnung;0;4000;3;4;2;1;4;3;2;Ja;Ja
19.06.2026; 15:18:57;1500;Ablehnung;Annahme;1;1500;1;5;3;1;5;5;3;Ja;Ja
19.06.2026; 15:19:24;849;Annahme;Nicht benötigt (Direkte Annahme);1;849;3;4;3;2;3;3;2,5;Ja;Ja
19.06.2026; 15:23:01;10000;Ablehnung;Ablehnung;0;10000;1;3;2;5;2;5;5;Ja;Nein
19.06.2026; 15:23:18;10000;Ablehnung;Ablehnung;0;10000;1;4;3;1;2;5;3;Ja;Nein
19.06.2026; 15:23:21;849;Ablehnung;Ablehnung;0;849;1;1;1;1;5;5;3;Ja;Ja
19.06.2026; 15:26:01;8000;Ablehnung;Ablehnung;0;8000;1;4;2;5;4;5;5;Ja;Ja
19.06.2026; 15:26:46;10000;Ablehnung;Ablehnung;0;10000;1;1;1;5;1;5;5;Ja;Nein
19.06.2026; 15:32:05;4000;Ablehnung;Ablehnung;0;4000;1;2;4;5;4;5;5;Ja;Ja
19.06.2026; 15:32:27;1500;Ablehnung;Ablehnung;0;1500;1;3;2;5;4;5;5;Ja;Ja
19.06.2026; 15:32:51;10000;Ablehnung;Ablehnung;0;10000;1;3;2;5;3;5;5;Ja;Ja
19.06.2026; 15:36:50;8000;Ablehnung;Ablehnung;0;8000;1;3;4;4;4;5;4,5;Ja;Ja
19.06.2026; 15:36:53;8000;Ablehnung;Ablehnung;0;8000;1;2;2;5;3;5;5;Ja;Ja
19.06.2026; 15:38:57;8000;Ablehnung;Ablehnung;0;8000;1;1;1;4;2;5;4,5;Ja;Nein
19.06.2026; 15:39:35;1500;Ablehnung;Ablehnung;0;1500;1;4;5;3;5;5;4;Ja;Ja
19.06.2026; 15:39:54;849;Ablehnung;Ablehnung;0;849;2;2;2;3;2;4;3,5;Ja;Nein
19.06.2026; 15:44:12;10000;Ablehnung;Annahme;1;10000;1;4;1;1;2;5;3;Ja;Nein
19.06.2026; 15:44:55;6000;Ablehnung;Ablehnung;0;6000;1;3;4;5;5;5;5;Ja;Ja
19.06.2026; 15:44:59;849;Ablehnung;Ablehnung;0;849;2;2;3;3;4;4;3,5;Ja;Ja
19.06.2026; 16:00:35;8000;Ablehnung;Ablehnung;0;8000;1;4;3;5;4;5;5;Ja;Ja
19.06.2026; 16:00:45;4000;Ablehnung;Ablehnung;0;4000;1;3;3;4;5;5;4,5;Ja;Ja
19.06.2026; 16:03:31;8000;Ablehnung;Ablehnung;0;8000;1;1;1;3;3;5;4;Ja;Ja
19.06.2026; 16:04:19;849;Ablehnung;Ablehnung;0;849;2;2;1;5;5;4;4,5;Ja;Ja
19.06.2026; 16:06:50;8000;Ablehnung;Ablehnung;0;8000;1;2;1;5;4;5;5;Ja;Ja
19.06.2026; 16:06:53;10000;Ablehnung;Ablehnung;0;10000;2;3;4;2;5;4;3;Ja;Ja
19.06.2026; 16:07:40;4000;Ablehnung;Ablehnung;0;4000;1;4;2;2;4;5;3,5;Ja;Ja
19.06.2026; 16:08:29;849;Ablehnung;Ablehnung;0;849;1;1;1;1;4;5;3;Ja;Ja
19.06.2026; 16:11:26;849;Ablehnung;Ablehnung;0;849;2;2;1;2;4;4;3;Ja;Ja
19.06.2026; 16:11:37;1500;Ablehnung;Annahme;1;1500;2;5;4;3;5;4;3,5;Ja;Ja
19.06.2026; 16:13:58;6000;Ablehnung;Annahme;1;6000;1;4;3;2;3;5;3,5;Ja;Ja
19.06.2026; 16:14:35;10000;Ablehnung;Ablehnung;0;10000;1;2;2;4;4;5;4,5;Ja;Ja
19.06.2026; 16:17:14;849;Ablehnung;Ablehnung;0;849;2;2;3;3;4;4;3,5;Ja;Ja
19.06.2026; 16:18:26;10000;Ablehnung;Ablehnung;0;10000;1;3;2;2;5;5;3,5;Ja;Ja
19.06.2026; 16:22:14;849;Ablehnung;Ablehnung;0;849;2;1;2;3;3;4;3,5;Ja;Ja
19.06.2026; 16:24:08;6000;Ablehnung;Ablehnung;0;6000;1;2;2;4;3;5;4,5;Ja;Ja
19.06.2026; 16:28:27;10000;Ablehnung;Ablehnung;0;10000;1;3;1;3;1;5;4;Ja;Nein
19.06.2026; 16:28:29;849;Ablehnung;Ablehnung;0;849;1;1;1;3;3;5;4;Ja;Ja
19.06.2026; 16:29:05;10000;Ablehnung;Annahme;1;10000;1;3;3;2;5;5;3,5;Ja;Ja
19.06.2026; 16:31:01;4000;Ablehnung;Ablehnung;0;4000;1;1;2;5;5;5;5;Ja;Ja
19.06.2026; 16:31:55;849;Ablehnung;Ablehnung;0;849;3;4;3;4;5;3;3,5;Ja;Ja
19.06.2026; 16:31:57;4000;Ablehnung;Ablehnung;0;4000;1;2;2;5;1;5;5;Ja;Nein
19.06.2026; 16:32:06;8000;Ablehnung;Annahme;1;8000;1;3;3;3;5;5;4;Ja;Ja
19.06.2026; 16:36:04;4000;Ablehnung;Annahme;1;4000;3;4;4;1;2;3;2;Ja;Nein
19.06.2026; 16:36:27;1500;Ablehnung;Ablehnung;0;1500;2;4;1;5;5;4;4,5;Ja;Ja
19.06.2026; 16:43:41;1500;Ablehnung;Ablehnung;0;1500;2;3;2;2;5;4;3;Ja;Ja
19.06.2026; 16:46:29;8000;Ablehnung;Ablehnung;0;8000;1;2;2;5;5;5;5;Ja;Ja
19.06.2026; 16:55:57;6000;Ablehnung;Ablehnung;0;6000;1;2;3;2;4;5;3,5;Ja;Ja
19.06.2026; 16:56:15;4000;Ablehnung;Ablehnung;0;4000;1;3;5;3;3;5;4;Ja;Ja
19.06.2026; 16:59:10;4000;Ablehnung;Ablehnung;0;4000;1;4;2;5;5;5;5;Ja;Ja
19.06.2026; 17:00:05;6000;Ablehnung;Annahme;1;6000;1;4;5;4;4;5;4,5;Ja;Ja
19.06.2026; 17:00:07;4000;Ablehnung;Ablehnung;0;4000;1;3;2;5;2;5;5;Ja;Nein
19.06.2026; 17:05:45;6000;Ablehnung;Ablehnung;0;6000;1;3;1;4;5;5;4,5;Ja;Ja
19.06.2026; 17:11:47;10000;Ablehnung;Ablehnung;0;1000;2;3;3;1;5;4;2,5;Nein;Ja
19.06.2026; 17:11:56;8000;Ablehnung;Ablehnung;0;8000;1;2;2;5;5;5;5;Ja;Ja
19.06.2026; 17:12:13;8000;Ablehnung;Annahme;1;8000;1;3;3;5;5;5;5;Ja;Ja
19.06.2026; 17:12:16;10000;Ablehnung;Ablehnung;0;10000;1;2;4;4;4;5;4,5;Ja;Ja
19.06.2026; 17:14:26;10000;Ablehnung;Ablehnung;0;10000;1;1;2;4;1;5;4,5;Ja;Nein
19.06.2026; 17:14:50;6000;Ablehnung;Ablehnung;0;6000;1;3;2;4;4;5;4,5;Ja;Ja
19.06.2026; 17:15:45;4000;Ablehnung;Annahme;1;4000;2;4;4;2;2;4;3;Ja;Nein
19.06.2026; 17:22:15;6000;Ablehnung;Ablehnung;0;6000;1;1;1;4;5;5;4,5;Ja;Ja
19.06.2026; 17:22:17;6000;Ablehnung;Ablehnung;0;6000;1;2;2;4;5;5;4,5;Ja;Ja
19.06.2026; 17:22:23;10000;Ablehnung;Annahme;1;10000;1;4;4;1;3;5;3;Ja;Ja
19.06.2026; 17:22:47;10000;Ablehnung;Ablehnung;0;10000;2;3;2;4;2;4;4;Ja;Nein
19.06.2026; 17:25:48;6000;Ablehnung;Ablehnung;0;6000;1;1;1;1;5;5;3;Ja;Ja
19.06.2026; 17:26:24;1500;Ablehnung;Ablehnung;0;1500;1;1;3;5;5;5;5;Ja;Ja
19.06.2026; 17:28:53;1500;Ablehnung;Ablehnung;0;1500;1;1;1;3;1;5;4;Ja;Nein
19.06.2026; 17:31:32;4000;Ablehnung;Ablehnung;0;4000;1;1;1;2;4;5;3,5;Ja;Ja
19.06.2026; 17:31:47;849;Ablehnung;Ablehnung;0;849;2;1;1;3;4;4;3,5;Ja;Ja
22.06.2026; 14:39:02;8000;Ablehnung;Ablehnung;0;8000;1;3;2;4;1;5;4,5;Ja;Nein
22.06.2026; 14:39:21;6000;Ablehnung;Ablehnung;0;6000;1;3;2;4;5;5;4,5;Ja;Ja
22.06.2026; 14:42:45;8000;Ablehnung;Annahme;1;8000;1;4;2;1;2;5;3;Ja;Nein
22.06.2026; 14:46:22;6000;Ablehnung;Annahme;1;6000;1;3;4;4;4;5;4,5;Ja;Ja
22.06.2026; 14:46:22;8000;Ablehnung;Annahme;1;8000;1;4;2;1;1;5;3;Ja;Nein
22.06.2026; 14:49:24;1500;Ablehnung;Annahme;1;1500;1;4;5;1;3;5;3;Ja;Ja
22.06.2026; 14:49:44;10000;Ablehnung;Ablehnung;0;10000;1;3;4;5;5;5;5;Ja;Ja
22.06.2026; 14:53:23;1500;Ablehnung;Ablehnung;0;1500;1;3;2;5;4;5;5;Ja;Ja
22.06.2026; 14:53:26;6000;Ablehnung;Ablehnung;0;6000;2;2;2;4;4;4;4;Ja;Ja
22.06.2026; 14:56:06;6000;Ablehnung;Ablehnung;0;6000;1;2;3;5;2;5;5;Ja;Nein
22.06.2026; 14:56:17;8000;Ablehnung;Ablehnung;0;8000;1;2;2;3;5;5;4;Ja;Ja
22.06.2026; 14:56:39;4000;Ablehnung;Ablehnung;0;4000;5;2;4;3;4;1;2;Ja;Ja
22.06.2026; 14:59:26;849;Ablehnung;Ablehnung;0;849;3;2;2;4;4;3;3,5;Ja;Ja
22.06.2026; 15:02:05;6000;Ablehnung;Annahme;1;6000;1;4;3;1;3;5;3;Ja;Ja
22.06.2026; 15:02:46;849;Ablehnung;Ablehnung;0;849;4;3;3;4;3;2;3;Ja;Ja
22.06.2026; 15:06:48;8000;Ablehnung;Ablehnung;0;8000;1;2;2;5;5;5;5;Ja;Ja
22.06.2026; 15:06:52;10000;Ablehnung;Ablehnung;0;10000;4;2;4;5;4;2;3,5;Ja;Ja
22.06.2026; 15:09:35;8000;Ablehnung;Ablehnung;0;8000;3;5;4;1;5;3;2;Ja;Ja
22.06.2026; 15:11:07;849;Ablehnung;Ablehnung;0;849;2;2;4;4;5;4;4;Ja;Ja
22.06.2026; 15:12:38;8000;Ablehnung;Ablehnung;0;8000;1;1;4;4;5;5;4,5;Ja;Ja
22.06.2026; 15:13:26;10000;Ablehnung;Ablehnung;0;10000;1;4;3;1;3;5;3;Ja;Ja
22.06.2026; 15:15:20;10000;Ablehnung;Ablehnung;0;10000;1;1;5;5;1;5;5;Ja;Nein
22.06.2026; 15:16:01;1500;Ablehnung;Ablehnung;0;1500;1;1;2;5;5;5;5;Ja;Ja
22.06.2026; 15:16:14;849;Ablehnung;Ablehnung;0;849;3;2;2;3;5;3;3;Ja;Ja
22.06.2026; 15:19:25;4000;Ablehnung;Annahme;1;4000;1;3;4;1;3;5;3;Ja;Ja
22.06.2026; 15:20:09;8000;Ablehnung;Ablehnung;0;8000;1;2;4;5;2;5;5;Ja;Nein
22.06.2026; 15:22:58;1500;Ablehnung;Annahme;1;1500;2;4;4;2;5;4;3;Ja;Ja
22.06.2026; 15:22:59;8000;Ablehnung;Ablehnung;0;8000;1;2;2;4;5;5;4,5;Ja;Ja
22.06.2026; 15:23:23;6000;Ablehnung;Ablehnung;0;6000;3;4;3;5;4;3;4;Ja;Ja
22.06.2026; 15:24:17;10000;Annahme;Nicht benötigt (Direkte Annahme);;10000;5;1;1;1;5;1;1;Ja;Ja
22.06.2026; 15:30:12;10000;Ablehnung;Ablehnung;0;10000;1;3;2;2;1;5;3,5;Ja;Nein
22.06.2026; 15:30:43;6000;Ablehnung;Ablehnung;0;6000;1;2;1;5;3;5;5;Ja;Ja
22.06.2026; 15:32:51;10000;Ablehnung;Ablehnung;0;10000;1;2;1;4;3;5;4,5;Ja;Ja
22.06.2026; 15:33:29;849;Ablehnung;Ablehnung;0;848;3;3;3;3;3;3;3;Ja;Ja
22.06.2026; 15:39:28;6000;Ablehnung;Ablehnung;0;6000;1;2;2;3;3;5;4;Ja;Ja
22.06.2026; 15:39:30;849;Ablehnung;Ablehnung;0;849;2;2;2;3;5;4;3,5;Ja;Ja
22.06.2026; 15:43:16;6000;Ablehnung;Ablehnung;0;6000;1;4;5;1;2;5;3;Ja;Nein
22.06.2026; 15:43:19;10000;Ablehnung;Ablehnung;0;10000;1;1;3;5;5;5;5;Ja;Ja
22.06.2026; 15:49:13;849;Ablehnung;Ablehnung;0;850;4;2;3;1;4;2;1,5;Ja;Ja
22.06.2026; 15:49:29;10000;Ablehnung;Ablehnung;0;10000;1;3;4;2;4;5;3,5;Ja;Ja
22.06.2026; 15:49:48;1500;Ablehnung;Ablehnung;0;1500;2;3;2;1;4;4;2,5;Ja;Ja
22.06.2026; 15:53:59;1500;Ablehnung;Annahme;1;1500;1;3;3;1;4;5;3;Ja;Ja
22.06.2026; 15:54:17;8000;Ablehnung;Annahme;1;8000;5;2;4;4;3;1;2,5;Ja;Ja
22.06.2026; 15:56:24;10000;Ablehnung;Ablehnung;0;10000;1;3;2;4;4;5;4,5;Ja;Ja
22.06.2026; 15:56:26;1500;Annahme;Nicht benötigt (Direkte Annahme);;1500;3;4;3;1;4;3;2;Ja;Ja
22.06.2026; 16:00:36;8000;Ablehnung;Ablehnung;0;8000;1;3;5;3;5;5;4;Ja;Ja
22.06.2026; 16:00:47;849;Ablehnung;Annahme;1;849;3;3;4;2;5;3;2,5;Ja;Ja
22.06.2026; 16:03:09;10000;Ablehnung;Annahme;1;10000;1;4;4;2;4;5;3,5;Ja;Ja
22.06.2026; 16:03:53;4000;Ablehnung;Annahme;1;4000;1;3;4;2;5;5;3,5;Ja;Ja
22.06.2026; 16:06:36;1500;Ablehnung;Ablehnung;0;1500;1;2;2;5;4;5;5;Ja;Ja
22.06.2026; 16:07:12;1500;Ablehnung;Ablehnung;0;1500;2;2;2;4;4;4;4;Ja;Ja
22.06.2026; 16:41:36;1500;Ablehnung;Ablehnung;0;1500;2;4;4;3;4;4;3,5;Ja;Ja
22.06.2026; 16:42:07;8000;Ablehnung;Ablehnung;0;8000;1;4;3;4;2;5;4,5;Ja;Nein
22.06.2026; 16:44:03;10000;Ablehnung;Ablehnung;0;10000;1;3;5;5;5;5;5;Ja;Ja
22.06.2026; 16:46:44;1500;Ablehnung;Ablehnung;0;1500;1;3;2;3;4;5;4;Ja;Ja
22.06.2026; 16:47:04;4000;Ablehnung;Ablehnung;0;4000;1;2;1;5;3;5;5;Ja;Ja
22.06.2026; 16:47:06;8000;Ablehnung;Ablehnung;0;8000;1;3;3;5;2;5;5;Ja;Nein
22.06.2026; 16:47:36;1500;Ablehnung;Ablehnung;0;1500;3;3;3;3;1;3;3;Ja;Nein
22.06.2026; 16:49:39;8000;Ablehnung;Ablehnung;0;8000;1;3;1;5;5;5;5;Ja;Ja
22.06.2026; 16:50:13;1500;Ablehnung;Ablehnung;0;1500;2;3;3;4;4;4;4;Ja;Ja
22.06.2026; 16:55:39;1500;Ablehnung;Ablehnung;0;1500;2;3;3;4;4;4;4;Ja;Ja
22.06.2026; 16:56:03;10000;Ablehnung;Annahme;1;10000;1;5;5;1;2;5;3;Ja;Nein
22.06.2026; 16:56:08;849;Ablehnung;Ablehnung;0;849;2;3;2;1;3;4;2,5;Ja;Ja
22.06.2026; 16:56:10;10000;Ablehnung;Ablehnung;0;10000;1;4;3;4;2;5;4,5;Ja;Nein
22.06.2026; 16:56:23;6000;Ablehnung;Ablehnung;0;6000;1;2;2;4;4;5;4,5;Ja;Ja
22.06.2026; 17:00:10;1500;Ablehnung;Ablehnung;0;1500;1;3;4;5;3;5;5;Ja;Ja
22.06.2026; 17:00:38;8000;Ablehnung;Ablehnung;0;8000;1;2;3;3;4;5;4;Ja;Ja
22.06.2026; 17:04:04;4000;Ablehnung;Annahme;1;4000;1;4;4;2;4;5;3,5;Ja;Ja
22.06.2026; 17:04:16;6000;Ablehnung;Ablehnung;0;6000;1;3;3;4;5;5;4,5;Ja;Ja
22.06.2026; 17:04:21;1500;Ablehnung;Ablehnung;0;1500;1;3;3;5;5;5;5;Ja;Ja
22.06.2026; 17:04:23;849;Ablehnung;Ablehnung;0;849;5;4;5;5;5;1;3;Ja;Ja
22.06.2026; 17:20:18;849;Ablehnung;Ablehnung;0;849;3;2;1;1;4;3;2;Ja;Ja
22.06.2026; 17:23:30;6000;Ablehnung;Ablehnung;0;6000;1;3;4;1;5;5;3;Ja;Ja
22.06.2026; 17:24:07;6000;Ablehnung;Annahme;1;6000;2;5;5;2;2;4;3;Ja;Nein
22.06.2026; 17:27:45;6000;Ablehnung;Ablehnung;0;6000;1;2;3;5;2;5;5;Ja;Nein
22.06.2026; 17:29:26;4000;Ablehnung;Ablehnung;0;4000;1;3;3;4;2;5;4,5;Ja;Nein
22.06.2026; 17:31:47;8000;Ablehnung;Ablehnung;0;8000;1;3;1;5;1;5;5;Ja;Nein
22.06.2026; 17:31:59;10000;Ablehnung;Ablehnung;0;10000;1;2;3;5;4;5;5;Ja;Ja
22.06.2026; 17:38:19;4000;Ablehnung;Ablehnung;0;4000;1;3;4;5;5;5;5;Ja;Ja
22.06.2026; 17:38:30;849;Ablehnung;Ablehnung;0;846;3;1;1;4;3;3;3,5;Ja;Ja
22.06.2026; 17:42:03;8000;Ablehnung;Ablehnung;0;8000;1;2;2;4;5;5;4,5;Ja;Ja
22.06.2026; 17:45:53;4000;Ablehnung;Ablehnung;0;4000;1;2;2;5;1;5;5;Ja;Nein
22.06.2026; 17:49:38;849;Ablehnung;Ablehnung;0;846;2;3;3;4;2;4;4;Ja;Nein
22.06.2026; 18:17:23;4000;Ablehnung;Ablehnung;0;4000;1;3;3;2;4;5;3,5;Ja;Ja
22.06.2026; 18:17:36;1500;Ablehnung;Ablehnung;0;1500;1;2;2;4;4;5;4,5;Ja;Ja
22.06.2026; 18:19:28;1500;Ablehnung;Ablehnung;0;1500;2;3;3;2;4;4;3;Ja;Ja
22.06.2026; 18:20:00;8000;Ablehnung;Ablehnung;0;8000;1;1;2;5;3;5;5;Ja;Ja
22.06.2026; 18:22:17;10000;Ablehnung;Ablehnung;0;10000;1;4;5;4;4;5;4,5;Ja;Ja
22.06.2026; 18:22:27;4000;Ablehnung;Ablehnung;0;4000;1;4;2;5;5;5;5;Ja;Ja
22.06.2026; 18:25:14;10000;Ablehnung;Ablehnung;0;10000;1;1;5;5;5;5;5;Ja;Ja
22.06.2026; 18:27:01;4000;Ablehnung;Ablehnung;0;4000;2;3;1;4;4;4;4;Ja;Ja
22.06.2026; 18:27:19;1500;Ablehnung;Annahme;1;1500;1;4;2;2;3;5;3,5;Ja;Ja
22.06.2026; 18:29:26;6000;Annahme;Nicht benötigt (Direkte Annahme);;6000;1;3;3;5;2;5;5;Ja;Nein
22.06.2026; 18:32:03;10000;Ablehnung;Annahme;1;10000;1;3;3;2;4;5;3,5;Ja;Ja
22.06.2026; 18:32:12;1500;Ablehnung;Ablehnung;0;1500;1;3;4;5;4;5;5;Ja;Ja
22.06.2026; 18:34:01;849;Ablehnung;Ablehnung;0;850;2;2;2;2;4;4;3;Ja;Ja
22.06.2026; 18:34:44;4000;Ablehnung;Ablehnung;0;4000;1;2;4;5;5;5;5;Ja;Ja
22.06.2026; 18:36:24;10000;Ablehnung;Ablehnung;0;10000;1;3;2;3;2;5;4;Ja;Nein
22.06.2026; 18:36:44;849;Ablehnung;Ablehnung;0;849;2;3;3;3;1;4;3,5;Ja;Nein
19.08.2026; 16:43:43;8000;Ablehnung;Ablehnung;0;8000;1;1;1;3;5;5;4;Ja;Ja
19.08.2026; 16:46:14;1500;Ablehnung;Ablehnung;0;1500;2;3;4;4;5;4;4;Ja;Ja
19.08.2026; 16:48:14;849;Ablehnung;Ablehnung;0;;4;1;1;4;5;2;3;Nein;Ja
19.08.2026; 16:48:41;1500;Ablehnung;Ablehnung;0;1500;1;1;5;5;5;5;5;Ja;Ja
19.08.2026; 16:49:05;849;Ablehnung;Ablehnung;0;849;1;1;1;5;5;5;5;Ja;Ja
19.08.2026; 16:49:14;4000;Ablehnung;Ablehnung;0;4000;1;3;4;5;5;5;5;Ja;Ja
19.08.2026; 16:52:21;10000;Ablehnung;Annahme;1;10000;1;4;2;3;2;5;4;Ja;Nein
19.08.2026; 16:52:45;4000;Ablehnung;Ablehnung;0;4000;1;4;2;4;4;5;4,5;Ja;Ja
19.08.2026; 16:55:13;849;Annahme;Nicht benötigt (Direkte Annahme);1;840;4;4;1;1;3;2;1,5;Ja;Ja
19.08.2026; 16:58:38;8000;Ablehnung;Ablehnung;0;8000;1;3;2;4;4;5;4,5;Ja;Ja
19.08.2026; 17:01:02;4000;Ablehnung;Ablehnung;0;400800;3;2;1;3;2;3;3;Nein;Nein
19.08.2026; 17:03:10;8000;Ablehnung;Ablehnung;0;800;3;2;2;4;3;3;3,5;Nein;Ja
19.08.2026; 17:08:40;1500;Ablehnung;Ablehnung;0;900;4;5;2;3;3;2;2,5;Nein;Ja
19.08.2026; 17:10:24;4000;Ablehnung;Ablehnung;0;4000;1;4;4;3;3;5;4;Ja;Ja
19.08.2026; 17:10:24;10000;Ablehnung;Annahme;1;10000;1;4;3;1;3;5;3;Ja;Ja
19.08.2026; 17:12:28;8000;Ablehnung;Ablehnung;0;8000;1;3;2;4;1;5;4,5;Ja;Nein
19.08.2026; 17:13:23;849;Ablehnung;Ablehnung;0;875;3;3;3;5;5;3;4;Ja;Ja
19.08.2026; 17:13:33;849;Annahme;Nicht benötigt (Direkte Annahme);1;900;3;2;3;1;4;3;2;Ja;Ja
19.08.2026; 17:16:21;4000;Ablehnung;Ablehnung;0;4000;1;1;1;3;3;5;4;Ja;Ja
19.08.2026; 17:16:24;849;Ablehnung;Ablehnung;0;869;2;3;4;4;5;4;4;Ja;Ja
19.08.2026; 17:17:58;1500;Ablehnung;Ablehnung;0;849;1;2;2;3;5;5;4;Nein;Ja
19.08.2026; 17:18:36;1500;Ablehnung;Ablehnung;0;1500;2;2;4;3;4;4;3,5;Ja;Ja
19.08.2026; 17:18:51;10000;Ablehnung;Ablehnung;0;10000;1;4;5;2;4;5;3,5;Ja;Ja
19.08.2026; 17:21:01;849;Ablehnung;Ablehnung;0;849;2;3;3;3;2;4;3,5;Ja;Nein
19.08.2026; 17:22:42;4000;Ablehnung;Ablehnung;0;4000;2;3;5;2;4;4;3;Ja;Ja
19.08.2026; 17:22:51;8000;Ablehnung;Ablehnung;0;1000;1;3;2;2;4;5;3,5;Nein;Ja
19.08.2026; 17:24:52;6000;Ablehnung;Ablehnung;0;6000;1;4;3;2;5;5;3,5;Ja;Ja
19.08.2026; 17:26:17;6000;Ablehnung;Annahme;1;2000;1;4;3;4;3;5;4,5;Nein;Ja
19.08.2026; 17:28:46;8000;Ablehnung;Ablehnung;0;8000;1;3;4;4;3;5;4,5;Ja;Ja
19.08.2026; 17:29:03;10000;Ablehnung;Ablehnung;0;10000;1;3;3;4;5;5;4,5;Ja;Ja
19.08.2026; 17:30:52;4000;Ablehnung;Ablehnung;0;4000;1;4;3;5;5;5;5;Ja;Ja
19.08.2026; 17:31:28;6000;Ablehnung;Ablehnung;0;6000;1;2;1;5;2;5;5;Ja;Nein
19.08.2026; 17:34:09;1500;Ablehnung;Annahme;1;1500;1;3;4;2;4;5;3,5;Ja;Ja
19.08.2026; 17:34:11;4000;Ablehnung;Annahme;1;4000;2;4;4;3;5;4;3,5;Ja;Ja
19.08.2026; 17:34:38;6000;Ablehnung;Ablehnung;0;2000;1;2;3;4;5;5;4,5;Nein;Ja
19.08.2026; 17:45:36;10000;Ablehnung;Ablehnung;0;700800;2;2;3;3;5;4;3,5;Nein;Ja
19.08.2026; 17:45:44;10000;Ablehnung;Ablehnung;0;10000;1;3;4;3;3;5;4;Ja;Ja
19.08.2026; 17:45:46;6000;Ablehnung;Ablehnung;0;6500;1;4;2;4;5;5;4,5;Ja;Ja
19.08.2026; 17:49:05;8000;Ablehnung;Ablehnung;0;700;4;3;4;2;4;2;2;Nein;Ja
19.08.2026; 17:49:20;10000;Ablehnung;Ablehnung;0;10000;1;1;3;4;5;5;4,5;Ja;Ja
19.08.2026; 18:01:11;8000;Ablehnung;Annahme;1;8000;1;4;3;1;5;5;3;Ja;Ja
19.08.2026; 18:02:22;1500;Ablehnung;Ablehnung;0;1000;1;2;2;3;5;5;4;Nein;Ja
19.08.2026; 18:04:43;6000;Ablehnung;Annahme;1;6000;1;3;4;4;4;5;4,5;Ja;Ja
19.08.2026; 18:04:51;1500;Ablehnung;Ablehnung;0;1200;1;1;1;3;5;5;4;Nein;Ja
19.08.2026; 18:04:52;8000;Ablehnung;Ablehnung;0;1800;1;1;4;5;5;5;5;Nein;Ja
19.08.2026; 18:06:29;6000;Annahme;Nicht benötigt (Direkte Annahme);;35;3;5;4;2;1;3;2,5;Nein;Nein
19.08.2026; 18:06:59;1500;Annahme;Nicht benötigt (Direkte Annahme);;1500;3;3;4;1;4;3;2;Ja;Ja
19.08.2026; 18:09:54;6000;Ablehnung;Annahme;1;6000;1;5;4;1;4;5;3;Ja;Ja
19.08.2026; 18:10:01;849;Ablehnung;Ablehnung;0;849;3;1;1;1;5;3;2;Ja;Ja
19.08.2026; 18:23:49;8000;Ablehnung;Ablehnung;0;8000;1;2;4;5;5;5;5;Ja;Ja
19.08.2026; 18:24:39;849;Annahme;Nicht benötigt (Direkte Annahme);1;850;2;3;3;2;3;4;3;Ja;Ja
19.08.2026; 18:34:51;6000;Ablehnung;Annahme;1;6000;1;3;2;2;3;5;3,5;Ja;Ja
19.08.2026; 18:35:11;6000;Ablehnung;Ablehnung;0;6000;1;2;4;3;2;5;4;Ja;Nein
19.08.2026; 18:35:45;8000;Ablehnung;Ablehnung;0;8000;1;4;4;5;5;5;5;Ja;Ja
19.08.2026; 18:37:58;10000;Ablehnung;Ablehnung;0;10000;1;3;3;1;5;5;3;Ja;Ja
19.08.2026; 18:38:20;849;Ablehnung;Ablehnung;0;800;3;2;2;4;3;3;3,5;Ja;Ja
19.08.2026; 18:40:38;1500;Ablehnung;Ablehnung;0;1500;1;3;1;5;4;5;5;Ja;Ja
19.08.2026; 18:40:40;8000;Ablehnung;Ablehnung;0;1000;3;2;2;1;3;3;2;Nein;Ja
19.08.2026; 18:42:25;6000;Ablehnung;Ablehnung;0;6000;3;4;5;3;4;3;3;Ja;Ja
19.08.2026; 18:42:46;6000;Ablehnung;Ablehnung;0;6000;1;3;3;4;5;5;4,5;Ja;Ja
19.08.2026; 18:45:30;849;Ablehnung;Ablehnung;0;849;4;2;2;3;4;2;2,5;Ja;Ja
19.08.2026; 19:05:11;1500;Ablehnung;Annahme;1;1500;1;4;4;2;5;5;3,5;Ja;Ja
19.08.2026; 19:08:02;4000;Ablehnung;Ablehnung;0;800;2;2;3;4;4;4;4;Nein;Ja
19.08.2026; 19:08:26;8000;Ablehnung;Ablehnung;0;8000;1;4;2;4;3;5;4,5;Ja;Ja
19.08.2026; 19:19:07;4000;Ablehnung;Ablehnung;0;4000;1;3;2;4;2;5;4,5;Ja;Nein
19.08.2026; 19:20:26;4000;Ablehnung;Ablehnung;0;4000;1;3;2;2;5;5;3,5;Ja;Ja
19.08.2026; 19:20:48;849;Ablehnung;Ablehnung;0;849;2;1;1;3;4;4;3,5;Ja;Ja
19.08.2026; 19:24:47;4000;Ablehnung;Ablehnung;0;4000;1;2;2;5;1;5;5;Ja;Nein
19.08.2026; 19:37:59;10000;Ablehnung;Annahme;1;6000;1;3;4;4;4;5;4,5;Nein;Ja
20.08.2026; 16:40:44;6000;Ablehnung;Ablehnung;0;6000;1;2;2;3;2;5;4;Ja;Nein
20.08.2026; 16:41:25;6000;Ablehnung;Ablehnung;0;5000;1;2;1;1;3;5;3;Nein;Ja
20.08.2026; 16:46:08;849;Annahme;Nicht benötigt (Direkte Annahme);1;849;3;4;4;2;5;3;2,5;Ja;Ja
20.08.2026; 16:47:05;10000;Ablehnung;Ablehnung;0;10000;1;3;3;5;5;5;5;Ja;Ja
20.08.2026; 16:50:48;8000;Ablehnung;Ablehnung;0;800;2;2;2;2;4;4;3;Nein;Ja
20.08.2026; 16:51:10;1500;Annahme;Nicht benötigt (Direkte Annahme);;1500;4;5;4;2;5;2;2;Ja;Ja
20.08.2026; 16:51:36;4000;Ablehnung;Annahme;1;4000;2;3;1;3;4;4;3,5;Ja;Ja
20.08.2026; 16:56:16;4000;Ablehnung;Ablehnung;0;;1;1;3;4;4;5;4,5;Nein;Ja
20.08.2026; 16:56:38;4000;Ablehnung;Ablehnung;0;4000;1;4;3;5;2;5;5;Ja;Nein
20.08.2026; 16:59:22;4000;Ablehnung;Ablehnung;0;4000;1;2;2;4;5;5;4,5;Ja;Ja
20.08.2026; 17:00:13;1500;Ablehnung;Ablehnung;0;700;5;1;5;5;3;1;3;Nein;Ja
20.08.2026; 17:03:25;6000;Ablehnung;Ablehnung;0;6000;1;2;3;3;4;5;4;Ja;Ja
20.08.2026; 17:03:30;6000;Ablehnung;Ablehnung;0;6000;1;4;2;4;5;5;4,5;Ja;Ja
20.08.2026; 17:04:43;849;Annahme;Nicht benötigt (Direkte Annahme);1;500;4;4;4;3;2;2;2,5;Nein;Nein
20.08.2026; 17:05:13;10000;Ablehnung;Ablehnung;0;10000;1;3;5;4;5;5;4,5;Ja;Ja
20.08.2026; 17:08:25;849;Ablehnung;Ablehnung;0;879;3;2;4;2;5;3;2,5;Ja;Ja
20.08.2026; 17:08:30;6000;Ablehnung;Ablehnung;0;;2;1;1;1;2;4;2,5;Nein;Nein
20.08.2026; 17:10:47;10000;Ablehnung;Ablehnung;0;10000;1;2;4;4;5;5;4,5;Ja;Ja
20.08.2026; 17:10:59;8000;Ablehnung;Annahme;1;8000;1;4;3;2;4;5;3,5;Ja;Ja
20.08.2026; 17:13:39;6000;Ablehnung;Ablehnung;0;;1;2;1;1;1;5;3;Nein;Nein
20.08.2026; 17:14:28;1500;Ablehnung;Annahme;1;1500;2;4;4;1;3;4;2,5;Ja;Ja
20.08.2026; 17:18:08;8000;Ablehnung;Ablehnung;0;8000;1;3;2;5;3;5;5;Ja;Ja
20.08.2026; 17:22:01;1500;Ablehnung;Ablehnung;0;1100;1;1;2;5;3;5;5;Nein;Ja
20.08.2026; 17:23:03;849;Ablehnung;Ablehnung;0;849;4;2;2;2;4;2;2;Ja;Ja
20.08.2026; 17:25:08;1500;Ablehnung;Ablehnung;0;1500;2;3;2;4;4;4;4;Ja;Ja
20.08.2026; 17:25:34;1500;Ablehnung;Ablehnung;0;1500;1;3;3;4;5;5;4,5;Ja;Ja
20.08.2026; 17:27:45;1500;Ablehnung;Ablehnung;0;1500;1;2;2;2;3;5;3,5;Ja;Ja
20.08.2026; 17:30:20;4000;Ablehnung;Ablehnung;0;4000;2;3;1;5;5;4;4,5;Ja;Ja
20.08.2026; 17:32:38;1500;Ablehnung;Ablehnung;0;1500;1;3;2;5;5;5;5;Ja;Ja
20.08.2026; 17:34:49;1500;Ablehnung;Ablehnung;0;1400;1;3;1;5;3;5;5;Ja;Ja
20.08.2026; 17:35:06;8000;Ablehnung;Annahme;1;8000;1;4;3;3;4;5;4;Ja;Ja
20.08.2026; 17:43:23;10000;Ablehnung;Annahme;1;10000;1;4;5;3;5;5;4;Ja;Ja
20.08.2026; 17:43:28;6000;Ablehnung;Ablehnung;0;6000;1;2;1;5;4;5;5;Ja;Ja
20.08.2026; 17:43:41;1500;Ablehnung;Ablehnung;0;750;2;2;2;2;4;4;3;Nein;Ja
20.08.2026; 17:44:56;4000;Ablehnung;Ablehnung;0;4000;1;1;1;2;5;5;3,5;Ja;Ja
20.08.2026; 17:46:20;6000;Ablehnung;Annahme;1;6000;1;4;4;1;5;5;3;Ja;Ja
20.08.2026; 17:47:20;849;Ablehnung;Ablehnung;0;849;3;2;2;1;4;3;2;Ja;Ja
20.08.2026; 17:50:08;6000;Ablehnung;Annahme;1;6000;2;4;4;1;4;4;2,5;Ja;Ja
20.08.2026; 17:50:14;8000;Ablehnung;Ablehnung;0;8000;1;2;5;5;4;5;5;Ja;Ja
20.08.2026; 17:50:18;1500;Ablehnung;Ablehnung;0;1500;2;4;4;4;4;4;4;Ja;Ja
20.08.2026; 17:50:40;6000;Ablehnung;Annahme;1;6000;1;4;3;2;2;5;3,5;Ja;Nein
20.08.2026; 17:53:15;4000;Ablehnung;Ablehnung;0;1000;1;1;1;1;1;5;3;Nein;Nein
20.08.2026; 17:53:30;849;Ablehnung;Ablehnung;0;849;3;3;3;3;3;3;3;Ja;Ja
20.08.2026; 17:56:23;8000;Ablehnung;Annahme;1;8000;1;3;5;5;2;5;5;Ja;Nein
20.08.2026; 17:56:32;8000;Ablehnung;Ablehnung;0;8000;1;2;2;4;3;5;4,5;Ja;Ja
20.08.2026; 17:58:39;6000;Ablehnung;Ablehnung;0;6000;1;1;1;5;1;5;5;Ja;Nein
20.08.2026; 18:01:58;6000;Ablehnung;Ablehnung;0;6000;4;3;4;5;4;2;3,5;Ja;Ja
20.08.2026; 18:04:12;8000;Ablehnung;Annahme;1;6000;4;4;4;4;4;2;3;Nein;Ja
20.08.2026; 18:09:02;10000;Ablehnung;Ablehnung;0;10000;1;2;2;2;5;5;3,5;Ja;Ja
20.08.2026; 18:12:08;849;Ablehnung;Ablehnung;0;849;4;2;1;4;4;2;3;Ja;Ja
20.08.2026; 18:12:11;10000;Ablehnung;Ablehnung;0;10000;3;4;3;2;5;3;2,5;Ja;Ja
20.08.2026; 18:14:27;6000;Ablehnung;Ablehnung;0;6800;1;3;3;1;3;5;3;Nein;Ja
20.08.2026; 18:14:26;849;Annahme;Nicht benötigt (Direkte Annahme);1;900;2;4;3;2;3;4;3;Ja;Ja
20.08.2026; 18:17:57;849;Ablehnung;Ablehnung;0;849;3;2;2;4;5;3;3,5;Ja;Ja
20.08.2026; 18:18:46;849;Annahme;Nicht benötigt (Direkte Annahme);1;700800;4;4;4;2;4;2;2;Nein;Ja
20.08.2026; 18:21:45;1500;Ablehnung;Ablehnung;0;;1;1;2;5;3;5;5;Nein;Ja
20.08.2026; 18:22:00;849;Ablehnung;Ablehnung;0;849;3;3;1;3;5;3;3;Ja;Ja
20.08.2026; 18:24:09;1500;Ablehnung;Ablehnung;0;1500;1;1;3;5;5;5;5;Ja;Ja
20.08.2026; 18:26:13;1500;Ablehnung;Annahme;1;1500;2;5;3;1;5;4;2,5;Ja;Ja
20.08.2026; 18:26:26;1500;Ablehnung;Ablehnung;0;1500;3;2;3;2;4;3;2,5;Ja;Ja
20.08.2026; 18:35:41;849;Ablehnung;Ablehnung;0;949;3;4;3;4;4;3;3,5;Nein;Ja
20.08.2026; 18:38:30;4000;Ablehnung;Ablehnung;0;700800;2;3;3;3;3;4;3,5;Nein;Ja
20.08.2026; 18:38:39;4000;Ablehnung;Ablehnung;0;4000;1;1;1;2;2;5;3,5;Ja;Nein
20.08.2026; 18:41:30;1500;Ablehnung;Ablehnung;0;1500;5;2;3;3;4;1;2;Ja;Ja
20.08.2026; 18:43:39;849;Ablehnung;Ablehnung;0;849;2;1;1;5;5;4;4,5;Ja;Ja
20.08.2026; 18:43:48;1500;Ablehnung;Ablehnung;0;1000;2;4;4;2;4;4;3;Nein;Ja
20.08.2026; 18:46:14;1500;Ablehnung;Ablehnung;0;1500;1;3;5;5;5;5;5;Ja;Ja
20.08.2026; 18:46:26;10000;Ablehnung;Ablehnung;0;1000;2;3;2;5;4;4;4,5;Nein;Ja
20.08.2026; 18:51:13;10000;Annahme;Nicht benötigt (Direkte Annahme);;800;3;4;4;4;4;3;3,5;Nein;Ja
20.08.2026; 18:51:38;4000;Ablehnung;Ablehnung;0;4000;1;3;4;1;5;5;3;Ja;Ja
20.08.2026; 18:51:56;4000;Ablehnung;Ablehnung;0;40005000;1;3;3;5;2;5;5;Nein;Nein
20.08.2026; 18:53:58;8000;Ablehnung;Ablehnung;0;8000;1;1;1;5;5;5;5;Ja;Ja
20.08.2026; 18:55:38;6000;Ablehnung;Ablehnung;0;6000;1;3;2;3;1;5;4;Ja;Nein
20.08.2026; 18:56:40;10000;Ablehnung;Annahme;1;10000;1;5;5;5;5;5;5;Ja;Ja
20.08.2026; 18:58:55;1500;Ablehnung;Annahme;1;1500;2;5;5;3;5;4;3,5;Ja;Ja
20.08.2026; 18:59:33;1500;Ablehnung;Ablehnung;0;15002000;1;2;2;4;3;5;4,5;Nein;Ja
20.08.2026; 19:01:56;4000;Ablehnung;Ablehnung;0;4000;1;3;4;4;5;5;4,5;Ja;Ja
20.08.2026; 19:02:24;849;Ablehnung;Ablehnung;0;849;2;2;2;3;4;4;3,5;Ja;Ja
20.08.2026; 19:04:42;6000;Ablehnung;Ablehnung;0;6000;1;1;1;3;5;5;4;Ja;Ja
20.08.2026; 19:05:03;8000;Ablehnung;Ablehnung;0;8000;1;1;1;1;1;5;3;Ja;Nein
20.08.2026; 19:14:09;8000;Ablehnung;Ablehnung;0;8000;1;1;1;5;1;5;5;Ja;Nein
20.08.2026; 19:18:34;849;Ablehnung;Ablehnung;0;849;2;2;2;5;5;4;4,5;Ja;Ja
20.08.2026; 19:24:59;10000;Ablehnung;Ablehnung;0;10000;1;2;1;5;1;5;5;Ja;Nein
20.08.2026; 19:25:01;10000;Ablehnung;Ablehnung;0;10000;1;3;1;5;1;5;5;Ja;Nein
20.08.2026; 19:25:04;849;Ablehnung;Ablehnung;0;850;2;1;1;3;5;4;3,5;Ja;Ja
20.08.2026; 19:27:16;1500;Ablehnung;Annahme;1;1500;2;5;5;1;4;4;2,5;Ja;Ja
20.08.2026; 19:27:55;1500;Ablehnung;Ablehnung;0;1500;1;5;3;4;4;5;4,5;Ja;Ja
20.08.2026; 19:37:40;4000;Ablehnung;Ablehnung;0;800;3;3;3;3;3;3;3;Nein;Ja
20.08.2026; 19:38:48;849;Ablehnung;Ablehnung;0;849;4;2;2;4;4;2;3;Ja;Ja
20.08.2026; 19:38:52;6000;Ablehnung;Ablehnung;0;6000;3;1;1;3;1;3;3;Ja;Nein
20.08.2026; 19:43:21;1500;Ablehnung;Annahme;1;1500;2;4;3;2;4;4;3;Ja;Ja
20.08.2026; 19:43:25;4000;Ablehnung;Ablehnung;0;1000;1;3;3;2;3;5;3,5;Nein;Ja
20.08.2026; 19:51:15;8000;Ablehnung;Ablehnung;0;8000;1;3;4;5;5;5;5;Ja;Ja
20.08.2026; 19:51:26;1500;Ablehnung;Annahme;1;1500;3;4;4;1;4;3;2;Ja;Ja
20.08.2026; 19:51:33;6000;Ablehnung;Ablehnung;0;6000;1;4;4;5;4;5;5;Ja;Ja
20.08.2026; 19:59:10;6000;Ablehnung;Ablehnung;0;6000;1;1;2;2;2;5;3,5;Ja;Nein
20.08.2026; 19:59:45;8000;Ablehnung;Ablehnung;0;8000;2;3;3;4;3;4;4;Ja;Ja
20.08.2026; 20:02:02;1500;Ablehnung;Ablehnung;0;600700;1;1;1;3;1;5;4;Nein;Nein
20.08.2026; 20:04:13;1500;Ablehnung;Ablehnung;0;849;1;2;2;4;3;5;4,5;Nein;Ja
20.08.2026; 20:09:17;4000;Ablehnung;Ablehnung;0;4000;1;3;3;3;2;5;4;Ja;Nein
20.08.2026; 20:11:37;4000;Ablehnung;Annahme;1;4000;1;4;4;1;5;5;3;Ja;Ja
20.08.2026; 20:11:42;1500;Ablehnung;Ablehnung;0;1500;1;4;3;4;5;5;4,5;Ja;Ja
20.08.2026; 20:11:44;1500;Ablehnung;Ablehnung;0;1149;1;2;1;4;5;5;4,5;Nein;Ja
20.08.2026; 20:12:45;6000;Ablehnung;Ablehnung;0;6000;1;3;1;1;5;5;3;Ja;Ja
20.08.2026; 20:14:44;10000;Ablehnung;Ablehnung;0;10000;1;2;2;2;5;5;3,5;Ja;Ja
20.08.2026; 20:14:44;10000;Ablehnung;Ablehnung;0;10000;1;1;1;4;1;5;4,5;Ja;Nein
20.08.2026; 20:15:20;1500;Ablehnung;Ablehnung;0;1500;1;2;2;5;5;5;5;Ja;Ja
20.08.2026; 20:21:41;8000;Ablehnung;Ablehnung;0;8000;1;2;1;3;2;5;4;Ja;Nein
20.08.2026; 20:21:48;10000;Ablehnung;Ablehnung;0;10000;1;2;1;5;5;5;5;Ja;Ja
20.08.2026; 20:25:45;849;Ablehnung;Ablehnung;0;860;2;3;3;1;5;4;2,5;Ja;Ja
20.08.2026; 20:26:10;849;Ablehnung;Ablehnung;0;870;2;2;3;4;5;4;4;Ja;Ja
20.08.2026; 22:21:44;1500;Ablehnung;Ablehnung;0;1500;1;2;1;1;1;5;3;Ja;Nein
21.08.2026; 12:12:55;10000;Ablehnung;Ablehnung;0;1000;2;3;4;4;5;4;4;Nein;Ja
