Fallnummer;Zeitpunkt;Datenquelle;Fragebogenversion;SoSci-Fallnummer;Treatment_Code;Forderung_des_Studierenden;Final_vergebene_Punktzahl;Antwort_Rollenkontrolle;Erinnerte_Forderung;Wahrgenommener_Druck;Eingeschraenkte_Bewertungsfreiheit;Wahrnehmung_als_manipulativ;Veraergerung;Wahrgenommene_Angemessenheit;Wahrgenommene_Fairness;Bearbeitungsdauer_in_Sekunden;Angemessenheit_invertiert;Boomerang_Variable;Manipulationscheck_Rolle;Manipulationscheck_Forderung;Bedrohungswahrnehmung_Index
2;1781530000000,0;sosci_import;sosci_nv_2026;437,0;1;9;10;student;9;1;2;1;2;4;3;102;2;2,0;Nein;Ja;1,333333333
3;1781530000000,0;sosci_import;sosci_nv_2026;438,0;2;11;9;professor;11;4;4;3;3;4;4;101;2;2,5;Ja;Ja;3,666666667
4;1781530000000,0;sosci_import;sosci_nv_2026;439,0;4;15;9;professor;15;1;1;2;1;1;1;117;5;3,0;Ja;Ja;1,333333333
5;1781530000000,0;sosci_import;sosci_nv_2026;440,0;3;13;9;professor;13;3;2;1;1;3;3;124;3;2,0;Ja;Ja;2,0
6;1781530000000,0;sosci_import;sosci_nv_2026;441,0;3;13;12;none;13;3;4;3;3;3;2;113;3;3,0;Nein;Ja;3,333333333
7;1781530000000,0;sosci_import;sosci_nv_2026;442,0;2;11;10;student;11;4;4;1;3;5;5;129;1;2,0;Nein;Ja;3,0
8;1781530000000,0;sosci_import;sosci_nv_2026;443,0;1;9;9;none;9;3;3;3;3;3;3;146;3;3,0;Nein;Ja;3,0
9;1781530000000,0;sosci_import;sosci_nv_2026;450,0;1;9;8;professor;9;3;4;4;2;3;4;98;3;2,5;Ja;Ja;3,666666667
10;1781530000000,0;sosci_import;sosci_nv_2026;451,0;4;15;13;none;13;1;2;2;4;4;4;115;2;3,0;Nein;Nein;1,666666667
11;1781530000000,0;sosci_import;sosci_nv_2026;456,0;2;11;10;professor;11;1;4;2;1;3;4;122;3;2,0;Ja;Ja;2,333333333
12;1781530000000,0;sosci_import;sosci_nv_2026;459,0;3;13;9;professor;13;2;5;3;2;2;4;177;4;3,0;Ja;Ja;3,333333333
13;1781530000000,0;sosci_import;sosci_nv_2026;464,0;4;15;10;professor;15;4;2;1;1;3;4;100;3;2,0;Ja;Ja;2,333333333
14;1781530000000,0;sosci_import;sosci_nv_2026;467,0;1;9;9;professor;9;1;1;1;1;4;5;121;2;1,5;Ja;Ja;1,0
15;1781530000000,0;sosci_import;sosci_nv_2026;469,0;2;11;8;professor;11;2;1;4;2;2;3;157;4;3,0;Ja;Ja;2,333333333
16;1781530000000,0;sosci_import;sosci_nv_2026;470,0;3;13;10;professor;13;5;2;3;3;4;3;156;2;2,5;Ja;Ja;3,333333333
17;1781530000000,0;sosci_import;sosci_nv_2026;472,0;1;9;8;professor;9;3;3;3;3;4;3;123;2;2,5;Ja;Ja;3,0
18;1781530000000,0;sosci_import;sosci_nv_2026;475,0;4;15;9;student;15;2;2;3;2;2;3;83;4;3,0;Nein;Ja;2,333333333
19;1781530000000,0;sosci_import;sosci_nv_2026;476,0;1;9;11;student;9;3;2;4;3;2;2;132;4;3,5;Nein;Ja;3,0
20;1781530000000,0;sosci_import;sosci_nv_2026;477,0;3;13;9;professor;13;2;2;3;2;2;3;145;4;3,0;Ja;Ja;2,333333333
21;1781530000000,0;sosci_import;sosci_nv_2026;479,0;1;9;8;professor;9;3;1;4;4;3;4;131;3;3,5;Ja;Ja;2,666666667
22;1781530000000,0;sosci_import;sosci_nv_2026;480,0;2;11;9;professor;11;3;3;3;3;3;4;144;3;3,0;Ja;Ja;3,0
23;1781530000000,0;sosci_import;sosci_nv_2026;481,0;4;15;9;professor;15;2;1;4;4;1;3;107;5;4,5;Ja;Ja;2,333333333
24;1781530000000,0;sosci_import;sosci_nv_2026;482,0;3;13;11;none;13;2;2;1;1;3;3;75;3;2,0;Nein;Ja;1,666666667
25;1781530000000,0;sosci_import;sosci_nv_2026;484,0;4;15;9;student;10;5;4;4;2;3;4;82;3;2,5;Nein;Nein;4,333333333
26;1781530000000,0;sosci_import;sosci_nv_2026;485,0;3;13;9;professor;13;4;3;2;2;4;4;170;2;2,0;Ja;Ja;3,0
27;1781530000000,0;sosci_import;sosci_nv_2026;486,0;1;9;8;professor;9;1;1;2;1;3;3;182;3;2,0;Ja;Ja;1,333333333
28;1781530000000,0;sosci_import;sosci_nv_2026;494,0;2;11;10;professor;11;2;3;4;4;2;5;90;4;4,0;Ja;Ja;3,0
29;1781530000000,0;sosci_import;sosci_nv_2026;495,0;3;13;11;student;13;3;2;1;3;4;4;181;2;2,5;Nein;Ja;2,0
30;1781530000000,0;sosci_import;sosci_nv_2026;498,0;4;15;6;professor;15;4;3;5;4;1;2;70;5;4,5;Ja;Ja;4,0
31;1781530000000,0;sosci_import;sosci_nv_2026;502,0;1;9;8;professor;9;2;2;2;1;4;4;126;2;1,5;Ja;Ja;2,0
32;1781530000000,0;sosci_import;sosci_nv_2026;509,0;3;13;9;professor;13;2;2;4;4;1;3;116;5;4,5;Ja;Ja;2,666666667
33;1781530000000,0;sosci_import;sosci_nv_2026;510,0;1;9;10;student;9;3;1;1;4;3;3;173;3;3,5;Nein;Ja;1,666666667
34;1781530000000,0;sosci_import;sosci_nv_2026;512,0;2;11;9;professor;11;2;3;4;2;3;4;171;3;2,5;Ja;Ja;3,0
35;1781530000000,0;sosci_import;sosci_nv_2026;514,0;4;15;9;professor;15;5;4;2;4;2;2;173;4;4,0;Ja;Ja;3,666666667
36;1781530000000,0;sosci_import;sosci_nv_2026;515,0;2;11;10;professor;11;5;4;3;2;3;2;163;3;2,5;Ja;Ja;4,0
37;1781530000000,0;sosci_import;sosci_nv_2026;516,0;1;9;9;none;9;1;4;2;2;5;4;87;1;1,5;Nein;Ja;2,333333333
38;1781530000000,0;sosci_import;sosci_nv_2026;517,0;3;13;8;professor;13;4;2;2;2;3;3;178;3;2,5;Ja;Ja;2,666666667
39;1781530000000,0;sosci_import;sosci_nv_2026;518,0;2;11;10;external;11;4;2;4;1;2;4;142;4;2,5;Nein;Ja;3,333333333
40;1781530000000,0;sosci_import;sosci_nv_2026;528,0;1;9;8;none;9;2;3;2;2;4;3;172;2;2,0;Nein;Ja;2,333333333
41;1781530000000,0;sosci_import;sosci_nv_2026;529,0;4;15;8;student;15;2;2;2;1;4;3;211;2;1,5;Nein;Ja;2,0
42;1781530000000,0;sosci_import;sosci_nv_2026;530,0;3;13;11;external;13;3;3;2;1;5;4;206;1;1,0;Nein;Ja;2,666666667
43;1781530000000,0;sosci_import;sosci_nv_2026;531,0;4;15;9;professor;15;1;1;5;2;2;2;174;4;3,0;Ja;Ja;2,333333333
44;1781530000000,0;sosci_import;sosci_nv_2026;532,0;1;9;8;professor;9;4;4;2;3;2;3;103;4;3,5;Ja;Ja;3,333333333
45;1781530000000,0;sosci_import;sosci_nv_2026;533,0;2;11;10;student;12;5;5;3;3;3;3;142;3;3,0;Nein;Nein;4,333333333
46;1781530000000,0;sosci_import;sosci_nv_2026;536,0;2;11;9;professor;11;4;1;1;1;5;3;111;1;1,0;Ja;Ja;2,0
47;1781530000000,0;sosci_import;sosci_nv_2026;542,0;1;9;15;student;15;1;1;1;1;5;5;113;1;1,0;Nein;Nein;1,0
48;1781530000000,0;sosci_import;sosci_nv_2026;543,0;4;15;8;professor;15;1;1;3;3;3;4;269;3;3,0;Ja;Ja;1,666666667
49;1781530000000,0;sosci_import;sosci_nv_2026;545,0;2;11;10;student;10;1;2;1;4;5;4;85;1;2,5;Nein;Nein;1,333333333
50;1781540000000,0;sosci_import;sosci_nv_2026;547,0;3;13;9;professor;13;3;2;3;4;2;3;166;4;4,0;Ja;Ja;2,666666667
51;1781540000000,0;sosci_import;sosci_nv_2026;550,0;1;9;10;professor;9;3;2;3;4;2;2;184;4;4,0;Ja;Ja;2,666666667
52;1781540000000,0;sosci_import;sosci_nv_2026;551,0;4;15;9;professor;15;3;2;4;2;2;3;171;4;3,0;Ja;Ja;3,0
53;1781540000000,0;sosci_import;sosci_nv_2026;552,0;3;13;10;external;13;1;1;1;2;4;3;148;2;2,0;Nein;Ja;1,0
54;1781540000000,0;sosci_import;sosci_nv_2026;553,0;2;11;10;professor;11;2;2;1;1;3;4;137;3;2,0;Ja;Ja;1,666666667
55;1781540000000,0;sosci_import;sosci_nv_2026;554,0;1;9;8;professor;9;5;4;1;4;4;3;109;2;3,0;Ja;Ja;3,333333333
56;1781540000000,0;sosci_import;sosci_nv_2026;562,0;4;15;9;none;15;4;3;3;3;3;1;253;3;3,0;Nein;Ja;3,333333333
57;1781540000000,0;sosci_import;sosci_nv_2026;568,0;2;11;10;professor;11;4;3;2;2;5;4;125;1;1,5;Ja;Ja;3,0
58;1781540000000,0;sosci_import;sosci_nv_2026;569,0;4;15;10;professor;15;4;2;2;3;2;4;119;4;3,5;Ja;Ja;2,666666667
59;1781690000000,0;sosci_import;sosci_nv_2026;608,0;3;13;8;none;13;2;1;1;1;3;4;93;3;2,0;Nein;Ja;1,333333333
60;1781690000000,0;sosci_import;sosci_nv_2026;609,0;1;9;9;professor;9;2;2;2;1;3;4;146;3;2,0;Ja;Ja;2,0
61;1781690000000,0;sosci_import;sosci_nv_2026;610,0;2;11;10;external;11;2;3;2;2;3;3;80;3;2,5;Nein;Ja;2,333333333
62;1781690000000,0;sosci_import;sosci_nv_2026;611,0;4;15;8;external;15;3;4;4;3;2;4;130;4;3,5;Nein;Ja;3,666666667
63;1781690000000,0;sosci_import;sosci_nv_2026;612,0;1;9;11;none;9;1;2;1;1;5;5;203;1;1,0;Nein;Ja;1,333333333
64;1781690000000,0;sosci_import;sosci_nv_2026;613,0;3;13;10;professor;13;2;3;3;1;2;4;120;4;2,5;Ja;Ja;2,666666667
65;1781690000000,0;sosci_import;sosci_nv_2026;614,0;3;13;10;professor;13;2;4;2;2;3;3;142;3;2,5;Ja;Ja;2,666666667
66;1781690000000,0;sosci_import;sosci_nv_2026;615,0;2;11;9;professor;11;2;1;1;1;5;5;184;1;1,0;Ja;Ja;1,333333333
67;1781690000000,0;sosci_import;sosci_nv_2026;616,0;4;15;11;professor;15;2;3;4;1;2;3;99;4;2,5;Ja;Ja;3,0
68;1781690000000,0;sosci_import;sosci_nv_2026;617,0;1;9;9;professor;9;1;1;4;1;5;5;96;1;1,0;Ja;Ja;2,0
69;1781690000000,0;sosci_import;sosci_nv_2026;618,0;3;13;10;professor;13;3;2;1;2;4;4;116;2;2,0;Ja;Ja;2,0
70;1781690000000,0;sosci_import;sosci_nv_2026;619,0;2;11;10;professor;11;2;2;1;1;5;5;176;1;1,0;Ja;Ja;1,666666667
71;1781690000000,0;sosci_import;sosci_nv_2026;620,0;1;9;13;student;13;4;4;2;2;4;4;70;2;2,0;Nein;Nein;3,333333333
72;1781690000000,0;sosci_import;sosci_nv_2026;621,0;4;15;9;professor;15;4;4;4;4;2;3;113;4;4,0;Ja;Ja;4,0
73;1781690000000,0;sosci_import;sosci_nv_2026;623,0;1;9;10;professor;9;2;2;2;1;5;5;154;1;1,0;Ja;Ja;2,0
74;1781690000000,0;sosci_import;sosci_nv_2026;624,0;3;13;9;professor;13;4;2;2;1;4;4;111;2;1,5;Ja;Ja;2,666666667
75;1781690000000,0;sosci_import;sosci_nv_2026;625,0;2;11;8;professor;11;1;1;3;2;3;3;128;3;2,5;Ja;Ja;1,666666667
76;1781690000000,0;sosci_import;sosci_nv_2026;626,0;2;11;10;professor;11;3;4;1;2;4;4;136;2;2,0;Ja;Ja;2,666666667
77;1781690000000,0;sosci_import;sosci_nv_2026;627,0;1;9;9;professor;9;2;4;1;1;5;5;104;1;1,0;Ja;Ja;2,333333333
78;1781690000000,0;sosci_import;sosci_nv_2026;629,0;4;15;15;none;15;1;1;1;1;4;3;121;2;1,5;Nein;Ja;1,0
79;1781690000000,0;sosci_import;sosci_nv_2026;630,0;4;15;11;external;15;2;2;2;1;3;2;97;3;2,0;Nein;Ja;2,0
80;1781690000000,0;sosci_import;sosci_nv_2026;631,0;1;9;9;student;9;3;2;4;1;4;3;155;2;1,5;Nein;Ja;3,0
81;1781690000000,0;sosci_import;sosci_nv_2026;632,0;2;11;8;professor;11;2;2;4;3;2;4;168;4;3,5;Ja;Ja;2,666666667
82;1781700000000,0;sosci_import;sosci_nv_2026;634,0;3;13;10;professor;13;2;3;3;2;3;2;158;3;2,5;Ja;Ja;2,666666667
83;1781700000000,0;sosci_import;sosci_nv_2026;635,0;2;11;9;professor;11;4;2;4;3;3;4;114;3;3,0;Ja;Ja;3,333333333
84;1781700000000,0;sosci_import;sosci_nv_2026;636,0;1;9;8;professor;9;2;2;3;1;3;4;185;3;2,0;Ja;Ja;2,333333333
85;1781700000000,0;sosci_import;sosci_nv_2026;637,0;4;15;9;professor;15;2;3;4;3;1;2;134;5;4,0;Ja;Ja;3,0
86;1781700000000,0;sosci_import;sosci_nv_2026;638,0;2;11;9;professor;11;3;2;2;1;4;4;125;2;1,5;Ja;Ja;2,333333333
87;1781700000000,0;sosci_import;sosci_nv_2026;641,0;3;13;10;professor;13;3;1;2;2;4;4;169;2;2,0;Ja;Ja;2,0
88;1781700000000,0;sosci_import;sosci_nv_2026;642,0;3;13;9;professor;13;3;2;2;1;4;3;170;2;1,5;Ja;Ja;2,333333333
89;1781700000000,0;sosci_import;sosci_nv_2026;643,0;2;11;9;professor;11;2;2;2;1;3;3;125;3;2,0;Ja;Ja;2,0
90;1781700000000,0;sosci_import;sosci_nv_2026;644,0;4;15;12;external;15;3;3;1;1;4;5;104;2;1,5;Nein;Ja;2,333333333
91;1781700000000,0;sosci_import;sosci_nv_2026;645,0;1;9;8;external;9;4;5;4;2;4;4;65;2;2,0;Nein;Ja;4,333333333
92;1781700000000,0;sosci_import;sosci_nv_2026;646,0;3;13;10;professor;13;4;4;2;2;4;5;148;2;2,0;Ja;Ja;3,333333333
93;1781700000000,0;sosci_import;sosci_nv_2026;647,0;4;15;11;none;15;2;1;3;3;2;3;127;4;3,5;Nein;Ja;2,0
94;1781700000000,0;sosci_import;sosci_nv_2026;650,0;2;11;10;professor;11;5;3;1;1;5;5;157;1;1,0;Ja;Ja;3,0
95;1781700000000,0;sosci_import;sosci_nv_2026;651,0;3;13;12;student;9;4;2;2;1;5;3;88;1;1,0;Nein;Nein;2,666666667
96;1781700000000,0;sosci_import;sosci_nv_2026;652,0;1;9;8;professor;9;2;2;2;1;2;5;133;4;2,5;Ja;Ja;2,0
97;1781700000000,0;sosci_import;sosci_nv_2026;653,0;4;15;9;external;15;1;1;1;4;2;4;142;4;4,0;Nein;Ja;1,0
98;1781700000000,0;sosci_import;sosci_nv_2026;654,0;3;13;9;professor;13;2;4;2;2;3;4;125;3;2,5;Ja;Ja;2,666666667
99;1781700000000,0;sosci_import;sosci_nv_2026;655,0;2;11;10;professor;11;2;3;1;1;5;5;95;1;1,0;Ja;Ja;2,0
100;1781700000000,0;sosci_import;sosci_nv_2026;656,0;4;15;11;student;15;4;4;3;2;4;3;163;2;2,0;Nein;Ja;3,666666667
101;1781700000000,0;sosci_import;sosci_nv_2026;657,0;1;9;9;professor;9;1;1;3;4;4;3;160;2;3,0;Ja;Ja;1,666666667
102;1781700000000,0;sosci_import;sosci_nv_2026;658,0;1;9;8;none;9;3;4;2;3;2;2;101;4;3,5;Nein;Ja;3,0
103;1781700000000,0;sosci_import;sosci_nv_2026;659,0;4;15;12;student;15;4;2;3;2;2;3;144;4;3,0;Nein;Ja;3,0
104;1781700000000,0;sosci_import;sosci_nv_2026;660,0;2;11;10;none;11;4;4;5;2;3;4;116;3;2,5;Nein;Ja;4,333333333
105;1781700000000,0;sosci_import;sosci_nv_2026;661,0;3;13;11;professor;13;2;1;1;1;5;5;154;1;1,0;Ja;Ja;1,333333333
106;1781700000000,0;sosci_import;sosci_nv_2026;663,0;2;11;13;professor;11;5;4;4;1;3;3;158;3;2,0;Ja;Ja;4,333333333
107;1781700000000,0;sosci_import;sosci_nv_2026;665,0;3;13;10;professor;13;3;1;1;1;3;3;91;3;2,0;Ja;Ja;1,666666667
108;1781700000000,0;sosci_import;sosci_nv_2026;666,0;4;15;13;professor;15;5;2;4;3;3;3;151;3;3,0;Ja;Ja;3,666666667
109;1781700000000,0;sosci_import;sosci_nv_2026;667,0;1;9;8;professor;9;3;1;2;1;4;4;141;2;1,5;Ja;Ja;2,0
110;1781700000000,0;sosci_import;sosci_nv_2026;668,0;3;13;11;professor;13;3;1;1;1;5;3;147;1;1,0;Ja;Ja;1,666666667
111;1781700000000,0;sosci_import;sosci_nv_2026;669,0;2;11;10;professor;11;1;3;2;1;4;5;198;2;1,5;Ja;Ja;2,0
112;1781700000000,0;sosci_import;sosci_nv_2026;670,0;4;15;10;professor;15;2;2;1;4;2;3;147;4;4,0;Ja;Ja;1,666666667
113;1781700000000,0;sosci_import;sosci_nv_2026;671,0;3;13;9;professor;13;3;1;2;3;1;3;130;5;4,0;Ja;Ja;2,0
114;1781700000000,0;sosci_import;sosci_nv_2026;672,0;1;9;8;professor;9;2;2;4;1;4;4;173;2;1,5;Ja;Ja;2,666666667
115;1781700000000,0;sosci_import;sosci_nv_2026;674,0;3;13;9;professor;13;4;3;4;3;1;3;239;5;4,0;Ja;Ja;3,666666667
116;1781700000000,0;sosci_import;sosci_nv_2026;676,0;1;9;9;none;9;3;1;2;1;3;4;89;3;2,0;Nein;Ja;2,0
117;1781700000000,0;sosci_import;sosci_nv_2026;677,0;4;15;9;professor;15;3;4;1;1;3;4;137;3;2,0;Ja;Ja;2,666666667
118;1781700000000,0;sosci_import;sosci_nv_2026;678,0;4;15;12;professor;15;2;1;4;4;4;3;185;2;3,0;Ja;Ja;2,333333333
119;1781700000000,0;sosci_import;sosci_nv_2026;679,0;2;11;9;student;11;3;4;4;1;4;3;134;2;1,5;Nein;Ja;3,666666667
120;1781700000000,0;sosci_import;sosci_nv_2026;680,0;1;9;9;external;9;4;4;4;1;5;4;156;1;1,0;Nein;Ja;4,0
121;1781700000000,0;sosci_import;sosci_nv_2026;681,0;3;13;11;professor;13;2;2;1;1;2;4;86;4;2,5;Ja;Ja;1,666666667
122;1781700000000,0;sosci_import;sosci_nv_2026;682,0;1;9;8;student;9;3;3;2;2;4;4;150;2;2,0;Nein;Ja;2,666666667
123;1781700000000,0;sosci_import;sosci_nv_2026;683,0;2;11;12;student;15;4;3;1;4;4;3;140;2;3,0;Nein;Nein;2,666666667
124;1781700000000,0;sosci_import;sosci_nv_2026;684,0;3;13;9;professor;13;2;3;2;3;2;2;119;4;3,5;Ja;Ja;2,333333333
125;1781700000000,0;sosci_import;sosci_nv_2026;685,0;4;15;10;professor;15;4;4;3;3;2;4;147;4;3,5;Ja;Ja;3,666666667
126;1781700000000,0;sosci_import;sosci_nv_2026;686,0;4;15;11;external;15;3;1;1;2;3;3;136;3;2,5;Nein;Ja;1,666666667
127;1781700000000,0;sosci_import;sosci_nv_2026;687,0;3;13;9;professor;13;4;4;5;3;3;3;80;3;3,0;Ja;Ja;4,333333333
128;1781700000000,0;sosci_import;sosci_nv_2026;690,0;2;11;10;professor;11;3;2;4;3;2;4;145;4;3,5;Ja;Ja;3,0
129;1781700000000,0;sosci_import;sosci_nv_2026;691,0;1;9;9;professor;9;2;2;1;1;5;5;47;1;1,0;Ja;Ja;1,666666667
130;1781700000000,0;sosci_import;sosci_nv_2026;692,0;4;15;11;external;15;2;2;1;3;2;3;97;4;3,5;Nein;Ja;1,666666667
131;1781700000000,0;sosci_import;sosci_nv_2026;694,0;3;13;11;professor;13;4;3;4;2;3;5;152;3;2,5;Ja;Ja;3,666666667
132;1781700000000,0;sosci_import;sosci_nv_2026;695,0;2;11;9;professor;11;1;1;3;5;3;4;161;3;4,0;Ja;Ja;1,666666667
133;1781710000000,0;sosci_import;sosci_nv_2026;696,0;4;15;15;student;15;2;2;4;1;4;4;69;2;1,5;Nein;Ja;2,666666667
134;1781710000000,0;sosci_import;sosci_nv_2026;697,0;1;9;8;professor;9;1;1;1;1;3;5;155;3;2,0;Ja;Ja;1,0
135;1781710000000,0;sosci_import;sosci_nv_2026;698,0;1;9;9;professor;9;1;2;4;1;4;4;149;2;1,5;Ja;Ja;2,333333333
136;1781710000000,0;sosci_import;sosci_nv_2026;699,0;4;15;13;professor;15;1;1;1;1;5;2;93;1;1,0;Ja;Ja;1,0
137;1781710000000,0;sosci_import;sosci_nv_2026;700,0;3;13;10;professor;13;2;3;4;3;3;3;161;3;3,0;Ja;Ja;3,0
138;1781710000000,0;sosci_import;sosci_nv_2026;701,0;2;11;8;professor;11;1;2;3;1;3;3;125;3;2,0;Ja;Ja;2,0
139;1781720000000,0;sosci_import;sosci_nv_2026;702,0;4;15;6;professor;15;4;4;5;5;1;1;143;5;5,0;Ja;Ja;4,333333333
1;1781820000000,0;render;render_v2;;3;13;11;professor;13;3;3;3;3;3;3;23;3;3,0;Ja;Ja;3,0
140;1781850000000,0;render;render_v2;;2;11;10;professor;11;1;1;2;1;3;3;50;3;2,0;Ja;Ja;1,333333333
141;1782070000000,0;render;render_v2;;3;13;12;professor;13;2;2;2;1;2;4;195;4;2,5;Ja;Ja;2,0
142;1782070000000,0;render;render_v2;;1;9;9;professor;9;1;2;2;1;4;4;586;2;1,5;Ja;Ja;1,666666667
143;1782120000000,0;render;render_v2;;3;13;11;professor;13;4;2;1;1;2;3;76;4;2,5;Ja;Ja;2,333333333
144;1782120000000,0;render;render_v2;;2;11;8;professor;11;2;3;2;2;2;3;87;4;3,0;Ja;Ja;2,333333333
145;1782120000000,0;render;render_v2;;1;9;9;professor;9;2;1;1;1;5;5;179;1;1,0;Ja;Ja;1,333333333
146;1782120000000,0;render;render_v2;;3;13;11;external;13;4;4;2;1;4;4;200;2;1,5;Nein;Ja;3,333333333
147;1782120000000,0;render;render_v2;;1;9;9;professor;9;1;1;1;1;5;5;173;1;1,0;Ja;Ja;1,0
148;1782120000000,0;render;render_v2;;3;13;10;professor;13;3;3;2;2;2;2;217;4;3,0;Ja;Ja;2,666666667
149;1782120000000,0;render;render_v2;;1;9;8;professor;9;2;3;3;2;2;3;140;4;3,0;Ja;Ja;2,666666667
150;1782120000000,0;render;render_v2;;1;9;9;professor;9;3;2;2;2;4;4;277;2;2,0;Ja;Ja;2,333333333
151;1782120000000,0;render;render_v2;;4;15;9;professor;15;3;2;2;1;2;4;167;4;2,5;Ja;Ja;2,333333333
152;1782120000000,0;render;render_v2;;4;15;10;professor;10;1;1;3;2;3;2;299;3;2,5;Ja;Nein;1,666666667
153;1782130000000,0;render;render_v2;;2;11;9;professor;11;4;3;1;1;2;3;181;4;2,5;Ja;Ja;2,666666667
154;1782130000000,0;render;render_v2;;1;9;9;professor;9;4;1;4;1;5;5;212;1;1,0;Ja;Ja;3,0
155;1782130000000,0;render;render_v2;;1;9;8;professor;9;4;3;2;1;4;3;147;2;1,5;Ja;Ja;3,0
156;1782130000000,0;render;render_v2;;3;13;10;professor;13;4;1;2;1;3;2;150;3;2,0;Ja;Ja;2,333333333
157;1782130000000,0;render;render_v2;;2;11;10;none;11;3;3;3;3;3;3;68;3;3,0;Nein;Ja;3,0
158;1782130000000,0;render;render_v2;;1;9;10;professor;9;2;3;2;1;4;5;225;2;1,5;Ja;Ja;2,333333333
159;1782130000000,0;render;render_v2;;2;11;9;professor;11;2;2;3;1;5;3;183;1;1,0;Ja;Ja;2,333333333
160;1782130000000,0;render;render_v2;;1;9;8;professor;9;3;1;4;2;3;3;168;3;2,5;Ja;Ja;2,666666667
161;1782130000000,0;render;render_v2;;1;9;6;professor;9;4;1;4;5;2;4;188;4;4,5;Ja;Ja;3,0
162;1782130000000,0;render;render_v2;;2;11;7;professor;11;1;1;1;5;1;1;161;5;5,0;Ja;Ja;1,0
163;1782130000000,0;render;render_v2;;2;11;12;professor;11;4;4;1;1;3;5;388;3;2,0;Ja;Ja;3,0
164;1782130000000,0;render;render_v2;;4;15;8;professor;15;2;3;3;4;2;2;162;4;4,0;Ja;Ja;2,666666667
165;1782130000000,0;render;render_v2;;3;13;10;professor;13;3;2;2;1;4;4;212;2;1,5;Ja;Ja;2,333333333
166;1782130000000,0;render;render_v2;;2;11;9;professor;11;2;1;5;3;3;3;241;3;3,0;Ja;Ja;2,666666667
167;1782130000000,0;render;render_v2;;4;15;8;professor;15;4;4;4;3;3;2;187;3;3,0;Ja;Ja;4,0
168;1782130000000,0;render;render_v2;;3;13;13;professor;13;2;2;2;2;4;4;176;2;2,0;Ja;Ja;2,0
169;1782130000000,0;render;render_v2;;2;11;11;professor;11;1;1;1;1;4;4;180;2;1,5;Ja;Ja;1,0
170;1782130000000,0;render;render_v2;;3;13;11;professor;13;2;3;2;1;4;4;273;2;1,5;Ja;Ja;2,333333333
171;1782130000000,0;render;render_v2;;3;13;10;professor;13;4;3;3;1;3;3;113;3;2,0;Ja;Ja;3,333333333
172;1782130000000,0;render;render_v2;;1;9;9;professor;9;2;1;1;1;3;4;143;3;2,0;Ja;Ja;1,333333333
173;1782130000000,0;render;render_v2;;3;13;10;professor;13;3;3;4;3;3;2;175;3;3,0;Ja;Ja;3,333333333
174;1782130000000,0;render;render_v2;;3;13;10;professor;13;2;2;1;1;4;4;208;2;1,5;Ja;Ja;1,666666667
175;1782130000000,0;render;render_v2;;1;9;8;professor;9;3;1;2;1;3;3;226;3;2,0;Ja;Ja;2,0
176;1782130000000,0;render;render_v2;;2;11;10;professor;11;4;2;4;2;3;3;321;3;2,5;Ja;Ja;3,333333333
177;1782130000000,0;render;render_v2;;4;15;11;professor;15;3;4;3;1;4;3;250;2;1,5;Ja;Ja;3,333333333
178;1782130000000,0;render;render_v2;;2;11;9;professor;11;4;1;1;1;4;5;97;2;1,5;Ja;Ja;2,0
179;1782130000000,0;render;render_v2;;1;9;8;student;9;3;4;3;2;4;4;115;2;2,0;Nein;Ja;3,333333333
180;1782130000000,0;render;render_v2;;1;9;8;professor;9;4;1;1;1;5;5;155;1;1,0;Ja;Ja;2,0
181;1782130000000,0;render;render_v2;;1;9;10;professor;9;5;3;4;1;3;3;66;3;2,0;Ja;Ja;4,0
182;1782130000000,0;render;render_v2;;1;9;9;professor;9;2;2;1;1;5;5;141;1;1,0;Ja;Ja;1,666666667
183;1782130000000,0;render;render_v2;;2;11;10;professor;11;2;3;2;1;5;4;136;1;1,0;Ja;Ja;2,333333333
184;1782130000000,0;render;render_v2;;1;9;7;professor;9;1;2;1;3;4;4;150;2;2,5;Ja;Ja;1,333333333
185;1782130000000,0;render;render_v2;;3;13;11;professor;13;3;2;2;1;3;4;565;3;2,0;Ja;Ja;2,333333333
186;1782130000000,0;render;render_v2;;1;9;8;professor;9;3;2;1;1;2;2;136;4;2,5;Ja;Ja;2,0
187;1782130000000,0;render;render_v2;;4;15;12;professor;15;1;1;1;1;4;4;162;2;1,5;Ja;Ja;1,0
188;1782130000000,0;render;render_v2;;2;11;10;external;11;2;2;1;1;3;3;111;3;2,0;Nein;Ja;1,666666667
189;1782130000000,0;render;render_v2;;3;13;9;professor;13;4;4;4;4;2;3;204;4;4,0;Ja;Ja;4,0
190;1782130000000,0;render;render_v2;;4;15;12;professor;15;4;4;2;1;3;4;228;3;2,0;Ja;Ja;3,333333333
191;1782130000000,0;render;render_v2;;4;15;8;professor;15;1;1;2;3;1;1;164;5;4,0;Ja;Ja;1,333333333
192;1782130000000,0;render;render_v2;;4;15;11;professor;15;4;3;2;1;4;3;172;2;1,5;Ja;Ja;3,0
193;1782130000000,0;render;render_v2;;4;15;14;external;15;1;2;1;1;5;5;132;1;1,0;Nein;Ja;1,333333333
194;1782130000000,0;render;render_v2;;4;15;10;professor;15;4;3;3;4;2;3;183;4;4,0;Ja;Ja;3,333333333
195;1782130000000,0;render;render_v2;;3;13;8;professor;13;1;1;1;2;3;2;101;3;2,5;Ja;Ja;1,0
196;1782130000000,0;render;render_v2;;4;15;8;professor;15;2;2;3;3;2;2;141;4;3,5;Ja;Ja;2,333333333
197;1782130000000,0;render;render_v2;;3;13;9;professor;13;2;2;3;1;3;3;137;3;2,0;Ja;Ja;2,333333333
198;1782130000000,0;render;render_v2;;3;13;11;professor;13;2;1;2;1;4;4;305;2;1,5;Ja;Ja;1,666666667
199;1782130000000,0;render;render_v2;;2;11;9;professor;11;5;5;4;1;3;3;93;3;2,0;Ja;Ja;4,666666667
200;1782130000000,0;render;render_v2;;3;13;9;professor;13;2;2;4;3;4;4;543;2;2,5;Ja;Ja;2,666666667
201;1782130000000,0;render;render_v2;;3;13;11;professor;13;1;2;1;3;3;3;102;3;3,0;Ja;Ja;1,333333333
202;1782140000000,0;render;render_v2;;2;11;8;professor;11;2;2;5;2;3;3;102;3;2,5;Ja;Ja;3,0
203;1782140000000,0;render;render_v2;;1;9;7;professor;9;1;3;2;4;3;3;78;3;3,5;Ja;Ja;2,0
204;1782140000000,0;render;render_v2;;3;13;9;professor;13;1;1;1;1;1;1;248;5;3,0;Ja;Ja;1,0
205;1782140000000,0;render;render_v2;;3;13;9;professor;13;2;2;3;2;3;4;322;3;2,5;Ja;Ja;2,333333333
206;1782140000000,0;render;render_v2;;3;13;10;professor;13;4;2;2;1;4;4;500;2;1,5;Ja;Ja;2,666666667
207;1782140000000,0;render;render_v2;;3;13;11;professor;13;3;2;1;1;3;3;201;3;2,0;Ja;Ja;2,0
208;1782140000000,0;render;render_v2;;4;15;9;professor;15;2;3;5;3;2;3;133;4;3,5;Ja;Ja;3,333333333
209;1782140000000,0;render;render_v2;;3;13;9;professor;13;3;4;2;4;2;1;192;4;4,0;Ja;Ja;3,0
210;1782140000000,0;render;render_v2;;2;11;9;professor;11;3;2;4;4;2;2;170;4;4,0;Ja;Ja;3,0
211;1782160000000,0;render;render_v2;;4;15;9;professor;15;2;2;5;3;2;1;294;4;3,5;Ja;Ja;3,0
212;1782160000000,0;render;render_v2;;3;13;9;professor;13;3;3;2;1;3;3;141;3;2,0;Ja;Ja;2,666666667
213;1782160000000,0;render;render_v2;;4;15;10;professor;15;1;1;1;2;2;2;177;4;3,0;Ja;Ja;1,0
214;1782160000000,0;render;render_v2;;3;13;9;professor;13;1;1;2;2;2;2;149;4;3,0;Ja;Ja;1,333333333
215;1782210000000,0;render;render_v2;;2;11;8;professor;11;1;1;1;2;3;3;130;3;2,5;Ja;Ja;1,0
216;1782220000000,0;render;render_v2;;3;13;11;professor;13;3;2;3;3;3;3;46;3;3,0;Ja;Ja;2,666666667
217;1782320000000,0;render;render_v2;;1;9;8;none;9;1;1;1;1;3;4;166;3;2,0;Nein;Ja;1,0
218;1784020000000,0;render;render_v2;;2;11;11;none;11;4;5;2;1;3;3;125;3;2,0;Nein;Ja;3,666666667
219;1784020000000,0;render;render_v2;;4;15;10;professor;15;4;4;2;1;3;4;162;3;2,0;Ja;Ja;3,333333333
220;1784020000000,0;render;render_v2;;1;9;9;professor;9;3;3;2;1;4;4;157;2;1,5;Ja;Ja;2,666666667
221;1784020000000,0;render;render_v2;;3;13;9;professor;13;2;2;1;2;3;3;175;3;2,5;Ja;Ja;1,666666667
222;1784020000000,0;render;render_v2;;3;13;9;professor;13;1;1;3;2;1;1;177;5;3,5;Ja;Ja;1,666666667
223;1784020000000,0;render;render_v2;;1;9;9;professor;9;1;1;1;1;5;5;197;1;1,0;Ja;Ja;1,0
224;1784020000000,0;render;render_v2;;4;15;7;professor;15;4;2;4;4;1;1;100;5;4,5;Ja;Ja;3,333333333
225;1784020000000,0;render;render_v2;;4;15;9;professor;15;2;2;2;3;1;1;147;5;4,0;Ja;Ja;2,0
226;1784020000000,0;render;render_v2;;1;9;9;professor;9;2;3;2;1;4;5;125;2;1,5;Ja;Ja;2,333333333
227;1784020000000,0;render;render_v2;;4;15;11;professor;7;1;3;1;1;3;2;250;3;2,0;Ja;Nein;1,666666667
228;1784020000000,0;render;render_v2;;3;13;10;professor;13;2;2;3;3;3;3;67;3;3,0;Ja;Ja;2,333333333
229;1784020000000,0;render;render_v2;;2;11;10;professor;11;3;2;3;1;4;3;103;2;1,5;Ja;Ja;2,666666667
230;1784020000000,0;render;render_v2;;2;11;11;student;11;2;3;3;3;2;3;166;4;3,5;Nein;Ja;2,666666667
231;1784020000000,0;render;render_v2;;3;13;9;professor;13;2;2;4;2;3;4;173;3;2,5;Ja;Ja;2,666666667
232;1784020000000,0;render;render_v2;;2;11;9;professor;11;3;3;2;2;4;4;113;2;2,0;Ja;Ja;2,666666667
233;1784020000000,0;render;render_v2;;4;15;8;professor;15;2;1;4;5;1;2;138;5;5,0;Ja;Ja;2,333333333
234;1784020000000,0;render;render_v2;;3;13;8;professor;13;1;1;1;1;2;1;154;4;2,5;Ja;Ja;1,0
235;1784020000000,0;render;render_v2;;2;11;11;student;11;2;2;1;1;3;3;170;3;2,0;Nein;Ja;1,666666667
236;1784020000000,0;render;render_v2;;1;9;9;professor;9;4;2;1;1;4;5;99;2;1,5;Ja;Ja;2,333333333
237;1784020000000,0;render;render_v2;;1;9;9;professor;9;1;1;1;1;4;5;125;2;1,5;Ja;Ja;1,0
238;1784020000000,0;render;render_v2;;4;15;10;professor;8;2;3;2;3;3;3;54;3;3,0;Ja;Nein;2,333333333
239;1784020000000,0;render;render_v2;;2;11;10;professor;11;3;3;2;1;5;3;73;1;1,0;Ja;Ja;2,666666667
240;1784020000000,0;render;render_v2;;1;9;11;professor;9;1;1;1;1;4;4;93;2;1,5;Ja;Ja;1,0
241;1784020000000,0;render;render_v2;;4;15;15;student;8;5;5;5;5;5;4;26;1;3,0;Nein;Nein;5,0
242;1784020000000,0;render;render_v2;;4;15;12;professor;15;3;4;2;4;2;3;133;4;4,0;Ja;Ja;3,0
243;1784020000000,0;render;render_v2;;4;15;10;professor;15;5;1;1;1;5;5;113;1;1,0;Ja;Ja;2,333333333
244;1784020000000,0;render;render_v2;;1;9;8;professor;9;2;3;4;3;3;4;120;3;3,0;Ja;Ja;3,0
245;1784020000000,0;render;render_v2;;4;15;11;professor;12;2;1;2;3;2;2;129;4;3,5;Ja;Nein;1,666666667
246;1784020000000,0;render;render_v2;;3;13;11;professor;13;3;1;2;1;2;3;145;4;2,5;Ja;Ja;2,0
247;1784020000000,0;render;render_v2;;4;15;10;professor;15;3;4;4;2;1;2;182;5;3,5;Ja;Ja;3,666666667
248;1784020000000,0;render;render_v2;;1;9;10;professor;10;3;4;4;2;3;3;164;3;2,5;Ja;Nein;3,666666667
249;1784020000000,0;render;render_v2;;4;15;10;professor;15;2;1;1;1;2;2;95;4;2,5;Ja;Ja;1,333333333
250;1784020000000,0;render;render_v2;;4;15;12;student;14;4;3;2;1;4;4;134;2;1,5;Nein;Nein;3,0
251;1784020000000,0;render;render_v2;;4;15;9;professor;15;2;2;2;2;4;3;137;2;2,0;Ja;Ja;2,0
252;1784020000000,0;render;render_v2;;4;15;10;student;10;3;3;3;3;4;4;136;2;2,5;Nein;Nein;3,0
253;1784020000000,0;render;render_v2;;2;11;9;professor;11;3;2;1;2;3;4;161;3;2,5;Ja;Ja;2,0
254;1784020000000,0;render;render_v2;;4;15;11;student;13;4;3;4;4;4;3;113;2;3,0;Nein;Nein;3,666666667
255;1784020000000,0;render;render_v2;;4;15;12;professor;15;3;2;2;2;4;4;116;2;2,0;Ja;Ja;2,333333333
256;1784020000000,0;render;render_v2;;4;15;10;professor;15;3;3;5;3;2;2;126;4;3,5;Ja;Ja;3,666666667
257;1784020000000,0;render;render_v2;;1;9;7;student;2;1;4;4;1;2;2;55;4;2,5;Nein;Nein;3,0
258;1784020000000,0;render;render_v2;;2;11;10;professor;11;3;1;1;1;3;3;112;3;2,0;Ja;Ja;1,666666667
259;1784020000000,0;render;render_v2;;1;9;8;none;9;1;1;1;2;4;5;201;2;2,0;Nein;Ja;1,0
260;1784020000000,0;render;render_v2;;1;9;8;professor;9;4;3;2;1;4;5;289;2;1,5;Ja;Ja;3,0
261;1784030000000,0;render;render_v2;;4;15;8;professor;15;3;2;4;3;1;1;135;5;4,0;Ja;Ja;3,0
262;1784030000000,0;render;render_v2;;3;13;14;professor;13;4;1;1;1;1;5;151;5;3,0;Ja;Ja;2,0
263;1784030000000,0;render;render_v2;;4;15;8;professor;15;2;1;4;2;1;2;85;5;3,5;Ja;Ja;2,333333333
264;1784030000000,0;render;render_v2;;4;15;12;student;12;4;4;4;4;4;4;102;2;3,0;Nein;Nein;4,0
265;1784030000000,0;render;render_v2;;1;9;9;professor;9;3;2;2;1;4;5;91;2;1,5;Ja;Ja;2,333333333
266;1784030000000,0;render;render_v2;;2;11;10;professor;11;2;4;3;2;3;3;144;3;2,5;Ja;Ja;3,0
267;1784030000000,0;render;render_v2;;1;9;9;professor;9;4;4;4;2;3;3;116;3;2,5;Ja;Ja;4,0
268;1784030000000,0;render;render_v2;;2;11;10;professor;11;3;2;1;1;4;4;172;2;1,5;Ja;Ja;2,0
269;1784030000000,0;render;render_v2;;3;13;10;professor;13;3;4;4;4;2;2;169;4;4,0;Ja;Ja;3,666666667
270;1784030000000,0;render;render_v2;;4;15;7;professor;15;5;4;5;5;1;2;147;5;5,0;Ja;Ja;4,666666667
271;1784030000000,0;render;render_v2;;1;9;8;professor;9;3;3;2;1;4;4;158;2;1,5;Ja;Ja;2,666666667
272;1784030000000,0;render;render_v2;;1;9;8;professor;9;5;4;3;2;4;4;250;2;2,0;Ja;Ja;4,0
273;1784030000000,0;render;render_v2;;4;15;9;professor;15;3;4;3;2;2;2;257;4;3,0;Ja;Ja;3,333333333
274;1784030000000,0;render;render_v2;;1;9;12;professor;6;3;3;3;3;3;3;37;3;3,0;Ja;Nein;3,0
275;1784030000000,0;render;render_v2;;2;11;10;professor;11;1;2;1;1;4;4;123;2;1,5;Ja;Ja;1,333333333
276;1784030000000,0;render;render_v2;;2;11;10;professor;11;4;5;4;3;3;4;117;3;3,0;Ja;Ja;4,333333333
277;1784030000000,0;render;render_v2;;2;11;10;professor;11;3;1;4;1;2;3;133;4;2,5;Ja;Ja;2,666666667
278;1784030000000,0;render;render_v2;;3;13;11;professor;13;4;4;4;1;3;4;225;3;2,0;Ja;Ja;4,0
279;1784030000000,0;render;render_v2;;4;15;13;student;15;3;4;2;4;2;5;46;4;4,0;Nein;Ja;3,0
280;1784030000000,0;render;render_v2;;1;9;8;professor;9;5;1;1;1;3;4;97;3;2,0;Ja;Ja;2,333333333
281;1784030000000,0;render;render_v2;;2;11;9;professor;11;1;1;4;1;2;2;270;4;2,5;Ja;Ja;2,0
282;1784030000000,0;render;render_v2;;4;15;10;none;15;4;4;4;3;2;2;99;4;3,5;Nein;Ja;4,0
283;1784030000000,0;render;render_v2;;4;15;10;professor;15;2;2;2;2;1;1;127;5;3,5;Ja;Ja;2,0
284;1784030000000,0;render;render_v2;;4;15;9;professor;15;1;1;2;2;1;2;96;5;3,5;Ja;Ja;1,333333333
285;1784030000000,0;render;render_v2;;3;13;10;professor;13;4;3;3;4;1;2;100;5;4,5;Ja;Ja;3,333333333
286;1784030000000,0;render;render_v2;;4;15;11;professor;15;2;2;1;1;2;2;101;4;2,5;Ja;Ja;1,666666667
287;1784030000000,0;render;render_v2;;3;13;12;professor;13;4;1;1;1;5;5;98;1;1,0;Ja;Ja;2,0
288;1784030000000,0;render;render_v2;;4;15;12;professor;10;3;3;3;3;3;3;89;3;3,0;Ja;Nein;3,0
289;1784030000000,0;render;render_v2;;1;9;10;professor;9;2;2;1;1;3;4;119;3;2,0;Ja;Ja;1,666666667
290;1784030000000,0;render;render_v2;;4;15;10;professor;15;2;1;5;3;3;3;147;3;3,0;Ja;Ja;2,666666667
291;1784030000000,0;render;render_v2;;4;15;11;professor;15;3;3;4;2;4;4;198;2;2,0;Ja;Ja;3,333333333
292;1784030000000,0;render;render_v2;;4;15;9;professor;15;2;2;4;3;2;2;1437;4;3,5;Ja;Ja;2,666666667
293;1784030000000,0;render;render_v2;;3;13;10;professor;13;2;2;3;1;3;2;158;3;2,0;Ja;Ja;2,333333333
294;1784030000000,0;render;render_v2;;3;13;15;student;15;1;1;1;1;5;5;56;1;1,0;Nein;Nein;1,0
295;1784030000000,0;render;render_v2;;3;13;9;professor;13;2;4;2;3;2;1;338;4;3,5;Ja;Ja;2,666666667
296;1784030000000,0;render;render_v2;;1;9;8;external;9;1;3;3;2;3;3;115;3;2,5;Nein;Ja;2,333333333
297;1784030000000,0;render;render_v2;;2;11;8;professor;11;4;4;3;4;3;2;167;3;3,5;Ja;Ja;3,666666667
298;1784030000000,0;render;render_v2;;3;13;8;professor;13;1;1;1;1;1;2;42;5;3,0;Ja;Ja;1,0
299;1784030000000,0;render;render_v2;;1;9;8;professor;9;3;2;3;3;4;4;455;2;2,5;Ja;Ja;2,666666667
300;1784030000000,0;render;render_v2;;2;11;9;student;11;5;4;3;2;3;3;94;3;2,5;Nein;Ja;4,0
301;1784030000000,0;render;render_v2;;4;15;10;professor;15;4;4;5;3;1;2;110;5;4,0;Ja;Ja;4,333333333
302;1784030000000,0;render;render_v2;;4;15;11;professor;15;3;2;2;2;2;1;166;4;3,0;Ja;Ja;2,333333333
303;1784030000000,0;render;render_v2;;4;15;12;professor;15;4;4;4;2;2;2;151;4;3,0;Ja;Ja;4,0
304;1784030000000,0;render;render_v2;;4;15;10;professor;15;1;2;3;1;3;2;761;3;2,0;Ja;Ja;2,0
305;1784030000000,0;render;render_v2;;2;11;10;professor;11;2;3;1;1;5;5;98;1;1,0;Ja;Ja;2,0
306;1784030000000,0;render;render_v2;;1;9;8;professor;9;2;1;1;1;4;4;144;2;1,5;Ja;Ja;1,333333333
307;1784030000000,0;render;render_v2;;1;9;9;professor;9;2;3;1;1;4;4;167;2;1,5;Ja;Ja;2,0
308;1784030000000,0;render;render_v2;;2;11;9;professor;11;4;3;5;1;4;3;118;2;1,5;Ja;Ja;4,0
309;1784030000000,0;render;render_v2;;2;11;10;professor;11;3;2;3;1;4;2;143;2;1,5;Ja;Ja;2,666666667
310;1784030000000,0;render;render_v2;;1;9;8;professor;9;4;1;3;1;4;4;162;2;1,5;Ja;Ja;2,666666667
311;1784030000000,0;render;render_v2;;4;15;8;professor;15;1;1;1;2;3;2;751;3;2,5;Ja;Ja;1,0
312;1784030000000,0;render;render_v2;;3;13;9;professor;13;2;3;2;1;1;4;88;5;3,0;Ja;Ja;2,333333333
313;1784030000000,0;render;render_v2;;3;13;10;professor;13;2;1;1;1;3;4;101;3;2,0;Ja;Ja;1,333333333
314;1784030000000,0;render;render_v2;;3;13;11;professor;13;3;2;2;1;4;4;109;2;1,5;Ja;Ja;2,333333333
315;1784030000000,0;render;render_v2;;2;11;9;professor;11;2;2;2;4;2;4;167;4;4,0;Ja;Ja;2,0
316;1784030000000,0;render;render_v2;;2;11;9;professor;11;1;4;1;1;4;4;1604;2;1,5;Ja;Ja;2,0
317;1784030000000,0;render;render_v2;;3;13;9;professor;13;2;3;2;1;2;2;1662;4;2,5;Ja;Ja;2,333333333
318;1784040000000,0;render;render_v2;;4;15;10;professor;15;2;1;3;3;3;2;250;3;3,0;Ja;Ja;2,0
319;1784110000000,0;render;render_v2;;1;9;8;professor;9;3;4;2;1;3;4;201;3;2,0;Ja;Ja;3,0
320;1784110000000,0;render;render_v2;;2;11;8;professor;8;3;2;1;3;2;3;251;4;3,5;Ja;Nein;2,0
321;1784110000000,0;render;render_v2;;4;15;8;professor;15;4;4;4;2;1;2;113;5;3,5;Ja;Ja;4,0
322;1784110000000,0;render;render_v2;;4;15;15;professor;15;1;1;1;3;3;2;194;3;3,0;Ja;Ja;1,0
323;1784110000000,0;render;render_v2;;3;13;11;professor;13;3;2;4;2;4;3;106;2;2,0;Ja;Ja;3,0
324;1784110000000,0;render;render_v2;;2;11;10;professor;11;2;2;2;1;4;4;136;2;1,5;Ja;Ja;2,0
325;1784110000000,0;render;render_v2;;4;15;15;professor;15;3;3;3;3;3;3;140;3;3,0;Ja;Ja;3,0
326;1784110000000,0;render;render_v2;;1;9;8;professor;9;2;4;4;1;4;4;290;2;1,5;Ja;Ja;3,333333333
327;1784110000000,0;render;render_v2;;4;15;15;professor;15;1;4;2;3;3;2;103;3;3,0;Ja;Ja;2,333333333
328;1784110000000,0;render;render_v2;;4;15;9;professor;15;2;2;4;4;1;1;136;5;4,5;Ja;Ja;2,666666667
329;1784110000000,0;render;render_v2;;4;15;8;professor;15;3;2;4;3;1;1;131;5;4,0;Ja;Ja;3,0
330;1784110000000,0;render;render_v2;;4;15;8;student;10;4;5;4;4;5;4;140;1;2,5;Nein;Nein;4,333333333
331;1784110000000,0;render;render_v2;;3;13;13;external;13;3;2;2;2;4;4;120;2;2,0;Nein;Ja;2,333333333
332;1784110000000,0;render;render_v2;;4;15;11;professor;15;2;1;1;2;3;2;126;3;2,5;Ja;Ja;1,333333333
333;1784110000000,0;render;render_v2;;1;9;9;professor;9;4;4;4;4;3;3;156;3;3,5;Ja;Ja;4,0
334;1784110000000,0;render;render_v2;;3;13;10;professor;13;2;2;1;1;4;4;97;2;1,5;Ja;Ja;1,666666667
335;1784110000000,0;render;render_v2;;3;13;10;professor;13;3;3;2;3;2;2;112;4;3,5;Ja;Ja;2,666666667
336;1784110000000,0;render;render_v2;;1;9;8;professor;9;1;1;3;5;2;2;1191;4;4,5;Ja;Ja;1,666666667
337;1784110000000,0;render;render_v2;;3;13;10;professor;13;1;1;2;1;2;3;207;4;2,5;Ja;Ja;1,333333333
338;1784110000000,0;render;render_v2;;3;13;13;professor;13;5;5;5;5;5;5;147;1;3,0;Ja;Ja;5,0
339;1784110000000,0;render;render_v2;;4;15;5;professor;15;5;4;5;5;1;2;216;5;5,0;Ja;Ja;4,666666667
340;1784110000000,0;render;render_v2;;2;11;10;professor;11;4;4;2;1;3;3;79;3;2,0;Ja;Ja;3,333333333
341;1784110000000,0;render;render_v2;;1;9;8;professor;9;2;3;1;2;4;4;113;2;2,0;Ja;Ja;2,0
342;1784110000000,0;render;render_v2;;1;9;10;professor;11;2;2;2;1;3;2;137;3;2,0;Ja;Nein;2,0
343;1784110000000,0;render;render_v2;;3;13;10;professor;13;3;4;3;1;3;2;137;3;2,0;Ja;Ja;3,333333333
344;1784110000000,0;render;render_v2;;2;11;10;professor;11;2;1;1;1;5;5;143;1;1,0;Ja;Ja;1,333333333
345;1784110000000,0;render;render_v2;;4;15;12;student;12;3;4;3;4;3;4;53;3;3,5;Nein;Nein;3,333333333
346;1784110000000,0;render;render_v2;;1;9;11;student;11;4;4;3;3;3;3;80;3;3,0;Nein;Nein;3,666666667
347;1784110000000,0;render;render_v2;;3;13;11;professor;13;1;1;1;1;4;4;164;2;1,5;Ja;Ja;1,0
348;1784110000000,0;render;render_v2;;3;13;8;professor;13;3;3;1;1;4;4;264;2;1,5;Ja;Ja;2,333333333
349;1784110000000,0;render;render_v2;;3;13;10;professor;13;4;2;3;1;2;3;129;4;2,5;Ja;Ja;3,0
350;1784110000000,0;render;render_v2;;2;11;9;professor;11;3;3;2;3;3;3;130;3;3,0;Ja;Ja;2,666666667
351;1784110000000,0;render;render_v2;;1;9;8;student;8;1;2;1;1;5;5;77;1;1,0;Nein;Nein;1,333333333
352;1784110000000,0;render;render_v2;;2;11;10;student;11;1;1;1;1;5;4;147;1;1,0;Nein;Ja;1,0
353;1784110000000,0;render;render_v2;;2;11;9;professor;13;4;2;5;5;2;2;153;4;4,5;Ja;Nein;3,666666667
354;1784110000000,0;render;render_v2;;2;11;11;professor;11;3;2;2;1;4;4;288;2;1,5;Ja;Ja;2,333333333
355;1784110000000,0;render;render_v2;;2;11;9;professor;11;2;2;1;1;2;2;301;4;2,5;Ja;Ja;1,666666667
356;1784110000000,0;render;render_v2;;1;9;8;professor;9;2;3;1;2;2;3;129;4;3,0;Ja;Ja;2,0
357;1784110000000,0;render;render_v2;;3;13;9;professor;13;2;3;4;2;3;2;140;3;2,5;Ja;Ja;3,0
358;1784110000000,0;render;render_v2;;1;9;9;professor;9;2;2;1;2;3;4;119;3;2,5;Ja;Ja;1,666666667
359;1784110000000,0;render;render_v2;;4;15;12;professor;15;3;3;1;3;3;3;80;3;3,0;Ja;Ja;2,333333333
360;1784110000000,0;render;render_v2;;3;13;10;student;13;2;4;2;1;3;3;338;3;2,0;Nein;Ja;2,666666667
361;1784110000000,0;render;render_v2;;3;13;15;student;13;1;3;1;3;1;2;89;5;4,0;Nein;Ja;1,666666667
362;1784110000000,0;render;render_v2;;2;11;11;professor;11;3;1;1;1;5;5;121;1;1,0;Ja;Ja;1,666666667
363;1784110000000,0;render;render_v2;;2;11;15;student;11;3;3;2;3;3;3;51;3;3,0;Nein;Ja;2,666666667
364;1784110000000,0;render;render_v2;;2;11;9;professor;11;3;2;3;1;4;4;72;2;1,5;Ja;Ja;2,666666667
365;1784110000000,0;render;render_v2;;2;11;10;professor;11;4;3;3;1;4;4;80;2;1,5;Ja;Ja;3,333333333
366;1784110000000,0;render;render_v2;;1;9;15;student;9;5;5;5;5;5;5;77;1;3,0;Nein;Ja;5,0
367;1784110000000,0;render;render_v2;;3;13;15;professor;13;3;1;4;2;3;5;36;3;2,5;Ja;Ja;2,666666667
368;1784110000000,0;render;render_v2;;3;13;8;professor;13;2;1;4;3;2;3;57;4;3,5;Ja;Ja;2,333333333
369;1784110000000,0;render;render_v2;;4;15;10;student;10;4;3;4;2;4;2;71;2;2,0;Nein;Nein;3,666666667
370;1784110000000,0;render;render_v2;;4;15;9;professor;15;2;3;4;2;3;2;133;3;2,5;Ja;Ja;3,0
371;1784110000000,0;render;render_v2;;3;13;10;professor;13;3;4;2;2;4;3;148;2;2,0;Ja;Ja;3,0
372;1784120000000,0;render;render_v2;;1;9;11;student;12;1;2;2;2;4;3;197;2;2,0;Nein;Nein;1,666666667
373;1784120000000,0;render;render_v2;;4;15;10;professor;15;1;1;1;1;4;3;207;2;1,5;Ja;Ja;1,0
374;1784120000000,0;render;render_v2;;1;9;10;external;9;2;2;2;1;5;4;133;1;1,0;Nein;Ja;2,0
375;1784120000000,0;render;render_v2;;3;13;9;professor;13;3;2;1;1;3;3;144;3;2,0;Ja;Ja;2,0
376;1784120000000,0;render;render_v2;;1;9;8;professor;9;4;4;1;2;4;3;2826;2;2,0;Ja;Ja;3,0
377;1784120000000,0;render;render_v2;;3;13;9;professor;13;1;2;3;1;3;3;2845;3;2,0;Ja;Ja;2,0
378;1784120000000,0;render;render_v2;;1;9;8;external;9;3;4;3;3;3;3;46;3;3,0;Nein;Ja;3,333333333
379;1784120000000,0;render;render_v2;;3;13;10;professor;13;3;3;2;1;4;4;158;2;1,5;Ja;Ja;2,666666667
380;1784120000000,0;render;render_v2;;2;11;11;professor;11;1;1;2;1;5;5;243;1;1,0;Ja;Ja;1,333333333
381;1784120000000,0;render;render_v2;;2;11;9;professor;11;2;3;3;2;3;3;103;3;2,5;Ja;Ja;2,666666667
382;1784120000000,0;render;render_v2;;3;13;9;professor;9;3;3;3;3;3;3;168;3;3,0;Ja;Nein;3,0
383;1784120000000,0;render;render_v2;;2;11;10;external;11;2;2;2;1;2;4;173;4;2,5;Nein;Ja;2,0
384;1784120000000,0;render;render_v2;;3;13;9;professor;13;3;2;2;1;3;3;207;3;2,0;Ja;Ja;2,333333333
385;1784120000000,0;render;render_v2;;3;13;10;professor;13;2;1;1;1;3;2;170;3;2,0;Ja;Ja;1,333333333
386;1784120000000,0;render;render_v2;;2;11;9;professor;11;4;1;2;1;4;4;215;2;1,5;Ja;Ja;2,333333333
387;1784200000000,0;render;render_v2;;2;11;9;professor;11;3;4;2;2;3;3;111;3;2,5;Ja;Ja;3,0
388;1784550000000,0;render;render_v2;;4;15;8;professor;15;2;2;3;4;3;1;158;3;3,5;Ja;Ja;2,333333333
